bar_mark,host_type,host_code,group_name,bar_type,diameter_mm,spacing_mm,shape_code,shape_description,quantity,single_length_m,total_length_m,total_weight_kg,anchorage_status,lap_status,hook_status,note
DW-S1-001-001,diaphragm_wall,DW-S1-001,坑内侧竖向主筋,longitudinal,36.0,100.0,00,straight_with_development_length_review,901,31.164,28078.764,224358.5,manual_review,manual_review,not_applicable,inner face vertical bars; As_provided=10179mm2/m; As_required=28831mm2/m; GB/T50010 flexure/min-rebar subset
DW-S1-001-002,diaphragm_wall,DW-S1-001,坑外侧竖向主筋,longitudinal,36.0,100.0,00,straight_with_development_length_review,901,31.164,28078.764,224358.5,manual_review,manual_review,not_applicable,outer face vertical bars; symmetric preliminary cage for moment reversal and construction stages
DW-S1-001-003,diaphragm_wall,DW-S1-001,水平分布筋,distribution,18.0,180.0,00,straight_distribution_bar,310,94.5,29295.0,58519.16,manual_review,manual_review,not_applicable,horizontal distribution bars; crack/detailing checks require professional review
DW-S1-001-004,diaphragm_wall,DW-S1-001,拉结筋/架立筋,tie,12.0,450.0,31,tie_bar_with_hooks,62,106.2,6584.4,5845.72,manual_review,manual_review,manual_review,tie bars between reinforcement cages; constructability placeholder
DW-S2-001-005,diaphragm_wall,DW-S2-001,坑内侧竖向主筋,longitudinal,36.0,100.0,00,straight_with_development_length_review,530,31.164,16516.92,131975.59,manual_review,manual_review,not_applicable,inner face vertical bars; As_provided=10179mm2/m; As_required=28831mm2/m; GB/T50010 flexure/min-rebar subset
DW-S2-001-006,diaphragm_wall,DW-S2-001,坑外侧竖向主筋,longitudinal,36.0,100.0,00,straight_with_development_length_review,530,31.164,16516.92,131975.59,manual_review,manual_review,not_applicable,outer face vertical bars; symmetric preliminary cage for moment reversal and construction stages
DW-S2-001-007,diaphragm_wall,DW-S2-001,水平分布筋,distribution,18.0,180.0,00,straight_distribution_bar,310,55.588,17232.296,34422.92,manual_review,manual_review,not_applicable,horizontal distribution bars; crack/detailing checks require professional review
DW-S2-001-008,diaphragm_wall,DW-S2-001,拉结筋/架立筋,tie,12.0,450.0,31,tie_bar_with_hooks,62,62.47,3873.164,3438.65,manual_review,manual_review,manual_review,tie bars between reinforcement cages; constructability placeholder
DW-S3-001-009,diaphragm_wall,DW-S3-001,坑内侧竖向主筋,longitudinal,36.0,100.0,00,straight_with_development_length_review,901,31.164,28078.764,224358.5,manual_review,manual_review,not_applicable,inner face vertical bars; As_provided=10179mm2/m; As_required=28831mm2/m; GB/T50010 flexure/min-rebar subset
DW-S3-001-010,diaphragm_wall,DW-S3-001,坑外侧竖向主筋,longitudinal,36.0,100.0,00,straight_with_development_length_review,901,31.164,28078.764,224358.5,manual_review,manual_review,not_applicable,outer face vertical bars; symmetric preliminary cage for moment reversal and construction stages
DW-S3-001-011,diaphragm_wall,DW-S3-001,水平分布筋,distribution,18.0,180.0,00,straight_distribution_bar,310,94.5,29295.0,58519.16,manual_review,manual_review,not_applicable,horizontal distribution bars; crack/detailing checks require professional review
DW-S3-001-012,diaphragm_wall,DW-S3-001,拉结筋/架立筋,tie,12.0,450.0,31,tie_bar_with_hooks,62,106.2,6584.4,5845.72,manual_review,manual_review,manual_review,tie bars between reinforcement cages; constructability placeholder
DW-S4-001-013,diaphragm_wall,DW-S4-001,坑内侧竖向主筋,longitudinal,36.0,100.0,00,straight_with_development_length_review,530,31.164,16516.92,131975.59,manual_review,manual_review,not_applicable,inner face vertical bars; As_provided=10179mm2/m; As_required=28831mm2/m; GB/T50010 flexure/min-rebar subset
DW-S4-001-014,diaphragm_wall,DW-S4-001,坑外侧竖向主筋,longitudinal,36.0,100.0,00,straight_with_development_length_review,530,31.164,16516.92,131975.59,manual_review,manual_review,not_applicable,outer face vertical bars; symmetric preliminary cage for moment reversal and construction stages
DW-S4-001-015,diaphragm_wall,DW-S4-001,水平分布筋,distribution,18.0,180.0,00,straight_distribution_bar,310,55.588,17232.296,34422.92,manual_review,manual_review,not_applicable,horizontal distribution bars; crack/detailing checks require professional review
DW-S4-001-016,diaphragm_wall,DW-S4-001,拉结筋/架立筋,tie,12.0,450.0,31,tie_bar_with_hooks,62,62.47,3873.164,3438.65,manual_review,manual_review,manual_review,tie bars between reinforcement cages; constructability placeholder
SP-L1-1-017,internal_support,SP-L1-1,支撑纵筋,longitudinal,25.0,,00,straight_with_development_length_review,8,59.294,474.351,1827.85,manual_review,manual_review,not_applicable,"RC support longitudinal bars; As=3927mm2, rho=0.15%; concrete=C40; axial-flexure-slenderness requires full check"
SP-L1-1-018,internal_support,SP-L1-1,支撑箍筋,stirrup,12.0,150.0,21,closed_stirrup_with_135deg_hooks,353,6.5,2294.5,2037.09,manual_review,manual_review,manual_review,RC support stirrups; shear and confinement detailing requires professional review
SP-L1-2-019,internal_support,SP-L1-2,支撑纵筋,longitudinal,25.0,,00,straight_with_development_length_review,8,59.294,474.351,1827.85,manual_review,manual_review,not_applicable,"RC support longitudinal bars; As=3927mm2, rho=0.15%; concrete=C40; axial-flexure-slenderness requires full check"
SP-L1-2-020,internal_support,SP-L1-2,支撑箍筋,stirrup,12.0,150.0,21,closed_stirrup_with_135deg_hooks,353,6.5,2294.5,2037.09,manual_review,manual_review,manual_review,RC support stirrups; shear and confinement detailing requires professional review
SP-L1-3-021,internal_support,SP-L1-3,支撑纵筋,longitudinal,25.0,,00,straight_with_development_length_review,8,59.294,474.351,1827.85,manual_review,manual_review,not_applicable,"RC support longitudinal bars; As=3927mm2, rho=0.15%; concrete=C40; axial-flexure-slenderness requires full check"
SP-L1-3-022,internal_support,SP-L1-3,支撑箍筋,stirrup,12.0,150.0,21,closed_stirrup_with_135deg_hooks,353,6.5,2294.5,2037.09,manual_review,manual_review,manual_review,RC support stirrups; shear and confinement detailing requires professional review
SP-L1-4-023,internal_support,SP-L1-4,支撑纵筋,longitudinal,25.0,,00,straight_with_development_length_review,8,59.294,474.351,1827.85,manual_review,manual_review,not_applicable,"RC support longitudinal bars; As=3927mm2, rho=0.15%; concrete=C40; axial-flexure-slenderness requires full check"
SP-L1-4-024,internal_support,SP-L1-4,支撑箍筋,stirrup,12.0,150.0,21,closed_stirrup_with_135deg_hooks,353,6.5,2294.5,2037.09,manual_review,manual_review,manual_review,RC support stirrups; shear and confinement detailing requires professional review
SP-L1-5-025,internal_support,SP-L1-5,支撑纵筋,longitudinal,25.0,,00,straight_with_development_length_review,8,59.294,474.351,1827.85,manual_review,manual_review,not_applicable,"RC support longitudinal bars; As=3927mm2, rho=0.15%; concrete=C40; axial-flexure-slenderness requires full check"
SP-L1-5-026,internal_support,SP-L1-5,支撑箍筋,stirrup,12.0,150.0,21,closed_stirrup_with_135deg_hooks,353,6.5,2294.5,2037.09,manual_review,manual_review,manual_review,RC support stirrups; shear and confinement detailing requires professional review
SP-L1-6-027,internal_support,SP-L1-6,支撑纵筋,longitudinal,25.0,,00,straight_with_development_length_review,8,59.294,474.351,1827.85,manual_review,manual_review,not_applicable,"RC support longitudinal bars; As=3927mm2, rho=0.15%; concrete=C40; axial-flexure-slenderness requires full check"
SP-L1-6-028,internal_support,SP-L1-6,支撑箍筋,stirrup,12.0,150.0,21,closed_stirrup_with_135deg_hooks,353,6.5,2294.5,2037.09,manual_review,manual_review,manual_review,RC support stirrups; shear and confinement detailing requires professional review
SP-L1-7-029,internal_support,SP-L1-7,支撑纵筋,longitudinal,25.0,,00,straight_with_development_length_review,8,59.294,474.351,1827.85,manual_review,manual_review,not_applicable,"RC support longitudinal bars; As=3927mm2, rho=0.15%; concrete=C40; axial-flexure-slenderness requires full check"
SP-L1-7-030,internal_support,SP-L1-7,支撑箍筋,stirrup,12.0,150.0,21,closed_stirrup_with_135deg_hooks,353,6.5,2294.5,2037.09,manual_review,manual_review,manual_review,RC support stirrups; shear and confinement detailing requires professional review
SP-L1-8-031,internal_support,SP-L1-8,支撑纵筋,longitudinal,25.0,,00,straight_with_development_length_review,8,59.294,474.351,1827.85,manual_review,manual_review,not_applicable,"RC support longitudinal bars; As=3927mm2, rho=0.15%; concrete=C40; axial-flexure-slenderness requires full check"
SP-L1-8-032,internal_support,SP-L1-8,支撑箍筋,stirrup,12.0,150.0,21,closed_stirrup_with_135deg_hooks,353,6.5,2294.5,2037.09,manual_review,manual_review,manual_review,RC support stirrups; shear and confinement detailing requires professional review
SP-L1-9-033,internal_support,SP-L1-9,支撑纵筋,longitudinal,25.0,,00,straight_with_development_length_review,8,59.294,474.351,1827.85,manual_review,manual_review,not_applicable,"RC support longitudinal bars; As=3927mm2, rho=0.15%; concrete=C40; axial-flexure-slenderness requires full check"
SP-L1-9-034,internal_support,SP-L1-9,支撑箍筋,stirrup,12.0,150.0,21,closed_stirrup_with_135deg_hooks,353,6.5,2294.5,2037.09,manual_review,manual_review,manual_review,RC support stirrups; shear and confinement detailing requires professional review
SP-L1-10-035,internal_support,SP-L1-10,支撑纵筋,longitudinal,25.0,,00,straight_with_development_length_review,8,59.294,474.351,1827.85,manual_review,manual_review,not_applicable,"RC support longitudinal bars; As=3927mm2, rho=0.15%; concrete=C40; axial-flexure-slenderness requires full check"
SP-L1-10-036,internal_support,SP-L1-10,支撑箍筋,stirrup,12.0,150.0,21,closed_stirrup_with_135deg_hooks,353,6.5,2294.5,2037.09,manual_review,manual_review,manual_review,RC support stirrups; shear and confinement detailing requires professional review
SP-L1-11-037,internal_support,SP-L1-11,支撑纵筋,longitudinal,25.0,,00,straight_with_development_length_review,8,59.294,474.351,1827.85,manual_review,manual_review,not_applicable,"RC support longitudinal bars; As=3927mm2, rho=0.15%; concrete=C40; axial-flexure-slenderness requires full check"
SP-L1-11-038,internal_support,SP-L1-11,支撑箍筋,stirrup,12.0,150.0,21,closed_stirrup_with_135deg_hooks,353,6.5,2294.5,2037.09,manual_review,manual_review,manual_review,RC support stirrups; shear and confinement detailing requires professional review
SP-L1-12-039,internal_support,SP-L1-12,支撑纵筋,longitudinal,25.0,,00,straight_with_development_length_review,8,59.294,474.351,1827.85,manual_review,manual_review,not_applicable,"RC support longitudinal bars; As=3927mm2, rho=0.15%; concrete=C40; axial-flexure-slenderness requires full check"
SP-L1-12-040,internal_support,SP-L1-12,支撑箍筋,stirrup,12.0,150.0,21,closed_stirrup_with_135deg_hooks,353,6.5,2294.5,2037.09,manual_review,manual_review,manual_review,RC support stirrups; shear and confinement detailing requires professional review
SP-L1-13-041,internal_support,SP-L1-13,支撑纵筋,longitudinal,25.0,,00,straight_with_development_length_review,8,59.294,474.351,1827.85,manual_review,manual_review,not_applicable,"RC support longitudinal bars; As=3927mm2, rho=0.15%; concrete=C40; axial-flexure-slenderness requires full check"
SP-L1-13-042,internal_support,SP-L1-13,支撑箍筋,stirrup,12.0,150.0,21,closed_stirrup_with_135deg_hooks,353,6.5,2294.5,2037.09,manual_review,manual_review,manual_review,RC support stirrups; shear and confinement detailing requires professional review
SP-L1-14-043,internal_support,SP-L1-14,支撑纵筋,longitudinal,25.0,,00,straight_with_development_length_review,8,59.294,474.351,1827.85,manual_review,manual_review,not_applicable,"RC support longitudinal bars; As=3927mm2, rho=0.15%; concrete=C40; axial-flexure-slenderness requires full check"
SP-L1-14-044,internal_support,SP-L1-14,支撑箍筋,stirrup,12.0,150.0,21,closed_stirrup_with_135deg_hooks,353,6.5,2294.5,2037.09,manual_review,manual_review,manual_review,RC support stirrups; shear and confinement detailing requires professional review
SP-L1-15-045,internal_support,SP-L1-15,支撑纵筋,longitudinal,25.0,,00,straight_with_development_length_review,8,59.294,474.351,1827.85,manual_review,manual_review,not_applicable,"RC support longitudinal bars; As=3927mm2, rho=0.15%; concrete=C40; axial-flexure-slenderness requires full check"
SP-L1-15-046,internal_support,SP-L1-15,支撑箍筋,stirrup,12.0,150.0,21,closed_stirrup_with_135deg_hooks,353,6.5,2294.5,2037.09,manual_review,manual_review,manual_review,RC support stirrups; shear and confinement detailing requires professional review
SP-L1-16-047,internal_support,SP-L1-16,支撑纵筋,longitudinal,25.0,,00,straight_with_development_length_review,8,59.294,474.351,1827.85,manual_review,manual_review,not_applicable,"RC support longitudinal bars; As=3927mm2, rho=0.15%; concrete=C40; axial-flexure-slenderness requires full check"
SP-L1-16-048,internal_support,SP-L1-16,支撑箍筋,stirrup,12.0,150.0,21,closed_stirrup_with_135deg_hooks,353,6.5,2294.5,2037.09,manual_review,manual_review,manual_review,RC support stirrups; shear and confinement detailing requires professional review
SP-L1-17-049,internal_support,SP-L1-17,支撑纵筋,longitudinal,25.0,,00,straight_with_development_length_review,8,59.294,474.351,1827.85,manual_review,manual_review,not_applicable,"RC support longitudinal bars; As=3927mm2, rho=0.15%; concrete=C40; axial-flexure-slenderness requires full check"
SP-L1-17-050,internal_support,SP-L1-17,支撑箍筋,stirrup,12.0,150.0,21,closed_stirrup_with_135deg_hooks,353,6.5,2294.5,2037.09,manual_review,manual_review,manual_review,RC support stirrups; shear and confinement detailing requires professional review
SP-L1-18-051,internal_support,SP-L1-18,支撑纵筋,longitudinal,25.0,,00,straight_with_development_length_review,8,59.294,474.351,1827.85,manual_review,manual_review,not_applicable,"RC support longitudinal bars; As=3927mm2, rho=0.15%; concrete=C40; axial-flexure-slenderness requires full check"
SP-L1-18-052,internal_support,SP-L1-18,支撑箍筋,stirrup,12.0,150.0,21,closed_stirrup_with_135deg_hooks,353,6.5,2294.5,2037.09,manual_review,manual_review,manual_review,RC support stirrups; shear and confinement detailing requires professional review
SP-L1-19-053,internal_support,SP-L1-19,支撑纵筋,longitudinal,25.0,,00,straight_with_development_length_review,8,59.294,474.351,1827.85,manual_review,manual_review,not_applicable,"RC support longitudinal bars; As=3927mm2, rho=0.15%; concrete=C40; axial-flexure-slenderness requires full check"
SP-L1-19-054,internal_support,SP-L1-19,支撑箍筋,stirrup,12.0,150.0,21,closed_stirrup_with_135deg_hooks,353,6.5,2294.5,2037.09,manual_review,manual_review,manual_review,RC support stirrups; shear and confinement detailing requires professional review
SP-L1-20-055,internal_support,SP-L1-20,支撑纵筋,longitudinal,25.0,,00,straight_with_development_length_review,8,59.294,474.351,1827.85,manual_review,manual_review,not_applicable,"RC support longitudinal bars; As=3927mm2, rho=0.15%; concrete=C40; axial-flexure-slenderness requires full check"
SP-L1-20-056,internal_support,SP-L1-20,支撑箍筋,stirrup,12.0,150.0,21,closed_stirrup_with_135deg_hooks,353,6.5,2294.5,2037.09,manual_review,manual_review,manual_review,RC support stirrups; shear and confinement detailing requires professional review
SP-L2-1-057,internal_support,SP-L2-1,支撑纵筋,longitudinal,25.0,,00,straight_with_development_length_review,8,59.294,474.351,1827.85,manual_review,manual_review,not_applicable,"RC support longitudinal bars; As=3927mm2, rho=0.15%; concrete=C40; axial-flexure-slenderness requires full check"
SP-L2-1-058,internal_support,SP-L2-1,支撑箍筋,stirrup,12.0,150.0,21,closed_stirrup_with_135deg_hooks,353,6.5,2294.5,2037.09,manual_review,manual_review,manual_review,RC support stirrups; shear and confinement detailing requires professional review
SP-L2-2-059,internal_support,SP-L2-2,支撑纵筋,longitudinal,25.0,,00,straight_with_development_length_review,8,59.294,474.351,1827.85,manual_review,manual_review,not_applicable,"RC support longitudinal bars; As=3927mm2, rho=0.15%; concrete=C40; axial-flexure-slenderness requires full check"
SP-L2-2-060,internal_support,SP-L2-2,支撑箍筋,stirrup,12.0,150.0,21,closed_stirrup_with_135deg_hooks,353,6.5,2294.5,2037.09,manual_review,manual_review,manual_review,RC support stirrups; shear and confinement detailing requires professional review
SP-L2-3-061,internal_support,SP-L2-3,支撑纵筋,longitudinal,25.0,,00,straight_with_development_length_review,8,59.294,474.351,1827.85,manual_review,manual_review,not_applicable,"RC support longitudinal bars; As=3927mm2, rho=0.15%; concrete=C40; axial-flexure-slenderness requires full check"
SP-L2-3-062,internal_support,SP-L2-3,支撑箍筋,stirrup,12.0,150.0,21,closed_stirrup_with_135deg_hooks,353,6.5,2294.5,2037.09,manual_review,manual_review,manual_review,RC support stirrups; shear and confinement detailing requires professional review
SP-L2-4-063,internal_support,SP-L2-4,支撑纵筋,longitudinal,25.0,,00,straight_with_development_length_review,8,59.294,474.351,1827.85,manual_review,manual_review,not_applicable,"RC support longitudinal bars; As=3927mm2, rho=0.15%; concrete=C40; axial-flexure-slenderness requires full check"
SP-L2-4-064,internal_support,SP-L2-4,支撑箍筋,stirrup,12.0,150.0,21,closed_stirrup_with_135deg_hooks,353,6.5,2294.5,2037.09,manual_review,manual_review,manual_review,RC support stirrups; shear and confinement detailing requires professional review
SP-L2-5-065,internal_support,SP-L2-5,支撑纵筋,longitudinal,25.0,,00,straight_with_development_length_review,8,59.294,474.351,1827.85,manual_review,manual_review,not_applicable,"RC support longitudinal bars; As=3927mm2, rho=0.15%; concrete=C40; axial-flexure-slenderness requires full check"
SP-L2-5-066,internal_support,SP-L2-5,支撑箍筋,stirrup,12.0,150.0,21,closed_stirrup_with_135deg_hooks,353,6.5,2294.5,2037.09,manual_review,manual_review,manual_review,RC support stirrups; shear and confinement detailing requires professional review
SP-L2-6-067,internal_support,SP-L2-6,支撑纵筋,longitudinal,25.0,,00,straight_with_development_length_review,8,59.294,474.351,1827.85,manual_review,manual_review,not_applicable,"RC support longitudinal bars; As=3927mm2, rho=0.15%; concrete=C40; axial-flexure-slenderness requires full check"
SP-L2-6-068,internal_support,SP-L2-6,支撑箍筋,stirrup,12.0,150.0,21,closed_stirrup_with_135deg_hooks,353,6.5,2294.5,2037.09,manual_review,manual_review,manual_review,RC support stirrups; shear and confinement detailing requires professional review
SP-L2-7-069,internal_support,SP-L2-7,支撑纵筋,longitudinal,25.0,,00,straight_with_development_length_review,8,59.294,474.351,1827.85,manual_review,manual_review,not_applicable,"RC support longitudinal bars; As=3927mm2, rho=0.15%; concrete=C40; axial-flexure-slenderness requires full check"
SP-L2-7-070,internal_support,SP-L2-7,支撑箍筋,stirrup,12.0,150.0,21,closed_stirrup_with_135deg_hooks,353,6.5,2294.5,2037.09,manual_review,manual_review,manual_review,RC support stirrups; shear and confinement detailing requires professional review
SP-L2-8-071,internal_support,SP-L2-8,支撑纵筋,longitudinal,25.0,,00,straight_with_development_length_review,8,59.294,474.351,1827.85,manual_review,manual_review,not_applicable,"RC support longitudinal bars; As=3927mm2, rho=0.15%; concrete=C40; axial-flexure-slenderness requires full check"
SP-L2-8-072,internal_support,SP-L2-8,支撑箍筋,stirrup,12.0,150.0,21,closed_stirrup_with_135deg_hooks,353,6.5,2294.5,2037.09,manual_review,manual_review,manual_review,RC support stirrups; shear and confinement detailing requires professional review
SP-L2-9-073,internal_support,SP-L2-9,支撑纵筋,longitudinal,25.0,,00,straight_with_development_length_review,8,59.294,474.351,1827.85,manual_review,manual_review,not_applicable,"RC support longitudinal bars; As=3927mm2, rho=0.15%; concrete=C40; axial-flexure-slenderness requires full check"
SP-L2-9-074,internal_support,SP-L2-9,支撑箍筋,stirrup,12.0,150.0,21,closed_stirrup_with_135deg_hooks,353,6.5,2294.5,2037.09,manual_review,manual_review,manual_review,RC support stirrups; shear and confinement detailing requires professional review
SP-L2-10-075,internal_support,SP-L2-10,支撑纵筋,longitudinal,25.0,,00,straight_with_development_length_review,8,59.294,474.351,1827.85,manual_review,manual_review,not_applicable,"RC support longitudinal bars; As=3927mm2, rho=0.15%; concrete=C40; axial-flexure-slenderness requires full check"
SP-L2-10-076,internal_support,SP-L2-10,支撑箍筋,stirrup,12.0,150.0,21,closed_stirrup_with_135deg_hooks,353,6.5,2294.5,2037.09,manual_review,manual_review,manual_review,RC support stirrups; shear and confinement detailing requires professional review
SP-L2-11-077,internal_support,SP-L2-11,支撑纵筋,longitudinal,25.0,,00,straight_with_development_length_review,8,59.294,474.351,1827.85,manual_review,manual_review,not_applicable,"RC support longitudinal bars; As=3927mm2, rho=0.15%; concrete=C40; axial-flexure-slenderness requires full check"
SP-L2-11-078,internal_support,SP-L2-11,支撑箍筋,stirrup,12.0,150.0,21,closed_stirrup_with_135deg_hooks,353,6.5,2294.5,2037.09,manual_review,manual_review,manual_review,RC support stirrups; shear and confinement detailing requires professional review
SP-L2-12-079,internal_support,SP-L2-12,支撑纵筋,longitudinal,25.0,,00,straight_with_development_length_review,8,59.294,474.351,1827.85,manual_review,manual_review,not_applicable,"RC support longitudinal bars; As=3927mm2, rho=0.15%; concrete=C40; axial-flexure-slenderness requires full check"
SP-L2-12-080,internal_support,SP-L2-12,支撑箍筋,stirrup,12.0,150.0,21,closed_stirrup_with_135deg_hooks,353,6.5,2294.5,2037.09,manual_review,manual_review,manual_review,RC support stirrups; shear and confinement detailing requires professional review
SP-L2-13-081,internal_support,SP-L2-13,支撑纵筋,longitudinal,25.0,,00,straight_with_development_length_review,8,59.294,474.351,1827.85,manual_review,manual_review,not_applicable,"RC support longitudinal bars; As=3927mm2, rho=0.15%; concrete=C40; axial-flexure-slenderness requires full check"
SP-L2-13-082,internal_support,SP-L2-13,支撑箍筋,stirrup,12.0,150.0,21,closed_stirrup_with_135deg_hooks,353,6.5,2294.5,2037.09,manual_review,manual_review,manual_review,RC support stirrups; shear and confinement detailing requires professional review
SP-L2-14-083,internal_support,SP-L2-14,支撑纵筋,longitudinal,25.0,,00,straight_with_development_length_review,8,59.294,474.351,1827.85,manual_review,manual_review,not_applicable,"RC support longitudinal bars; As=3927mm2, rho=0.15%; concrete=C40; axial-flexure-slenderness requires full check"
SP-L2-14-084,internal_support,SP-L2-14,支撑箍筋,stirrup,12.0,150.0,21,closed_stirrup_with_135deg_hooks,353,6.5,2294.5,2037.09,manual_review,manual_review,manual_review,RC support stirrups; shear and confinement detailing requires professional review
SP-L2-15-085,internal_support,SP-L2-15,支撑纵筋,longitudinal,25.0,,00,straight_with_development_length_review,8,59.294,474.351,1827.85,manual_review,manual_review,not_applicable,"RC support longitudinal bars; As=3927mm2, rho=0.15%; concrete=C40; axial-flexure-slenderness requires full check"
SP-L2-15-086,internal_support,SP-L2-15,支撑箍筋,stirrup,12.0,150.0,21,closed_stirrup_with_135deg_hooks,353,6.5,2294.5,2037.09,manual_review,manual_review,manual_review,RC support stirrups; shear and confinement detailing requires professional review
SP-L2-16-087,internal_support,SP-L2-16,支撑纵筋,longitudinal,25.0,,00,straight_with_development_length_review,8,59.294,474.351,1827.85,manual_review,manual_review,not_applicable,"RC support longitudinal bars; As=3927mm2, rho=0.15%; concrete=C40; axial-flexure-slenderness requires full check"
SP-L2-16-088,internal_support,SP-L2-16,支撑箍筋,stirrup,12.0,150.0,21,closed_stirrup_with_135deg_hooks,353,6.5,2294.5,2037.09,manual_review,manual_review,manual_review,RC support stirrups; shear and confinement detailing requires professional review
SP-L2-17-089,internal_support,SP-L2-17,支撑纵筋,longitudinal,25.0,,00,straight_with_development_length_review,8,59.294,474.351,1827.85,manual_review,manual_review,not_applicable,"RC support longitudinal bars; As=3927mm2, rho=0.15%; concrete=C40; axial-flexure-slenderness requires full check"
SP-L2-17-090,internal_support,SP-L2-17,支撑箍筋,stirrup,12.0,150.0,21,closed_stirrup_with_135deg_hooks,353,6.5,2294.5,2037.09,manual_review,manual_review,manual_review,RC support stirrups; shear and confinement detailing requires professional review
SP-L2-18-091,internal_support,SP-L2-18,支撑纵筋,longitudinal,25.0,,00,straight_with_development_length_review,8,59.294,474.351,1827.85,manual_review,manual_review,not_applicable,"RC support longitudinal bars; As=3927mm2, rho=0.15%; concrete=C40; axial-flexure-slenderness requires full check"
SP-L2-18-092,internal_support,SP-L2-18,支撑箍筋,stirrup,12.0,150.0,21,closed_stirrup_with_135deg_hooks,353,6.5,2294.5,2037.09,manual_review,manual_review,manual_review,RC support stirrups; shear and confinement detailing requires professional review
SP-L2-19-093,internal_support,SP-L2-19,支撑纵筋,longitudinal,25.0,,00,straight_with_development_length_review,8,59.294,474.351,1827.85,manual_review,manual_review,not_applicable,"RC support longitudinal bars; As=3927mm2, rho=0.15%; concrete=C40; axial-flexure-slenderness requires full check"
SP-L2-19-094,internal_support,SP-L2-19,支撑箍筋,stirrup,12.0,150.0,21,closed_stirrup_with_135deg_hooks,353,6.5,2294.5,2037.09,manual_review,manual_review,manual_review,RC support stirrups; shear and confinement detailing requires professional review
SP-L2-20-095,internal_support,SP-L2-20,支撑纵筋,longitudinal,25.0,,00,straight_with_development_length_review,8,59.294,474.351,1827.85,manual_review,manual_review,not_applicable,"RC support longitudinal bars; As=3927mm2, rho=0.15%; concrete=C40; axial-flexure-slenderness requires full check"
SP-L2-20-096,internal_support,SP-L2-20,支撑箍筋,stirrup,12.0,150.0,21,closed_stirrup_with_135deg_hooks,353,6.5,2294.5,2037.09,manual_review,manual_review,manual_review,RC support stirrups; shear and confinement detailing requires professional review
SP-L3-1-097,internal_support,SP-L3-1,支撑纵筋,longitudinal,25.0,,00,straight_with_development_length_review,8,59.294,474.351,1827.85,manual_review,manual_review,not_applicable,"RC support longitudinal bars; As=3927mm2, rho=0.15%; concrete=C40; axial-flexure-slenderness requires full check"
SP-L3-1-098,internal_support,SP-L3-1,支撑箍筋,stirrup,12.0,150.0,21,closed_stirrup_with_135deg_hooks,353,6.5,2294.5,2037.09,manual_review,manual_review,manual_review,RC support stirrups; shear and confinement detailing requires professional review
SP-L3-2-099,internal_support,SP-L3-2,支撑纵筋,longitudinal,25.0,,00,straight_with_development_length_review,8,59.294,474.351,1827.85,manual_review,manual_review,not_applicable,"RC support longitudinal bars; As=3927mm2, rho=0.15%; concrete=C40; axial-flexure-slenderness requires full check"
SP-L3-2-100,internal_support,SP-L3-2,支撑箍筋,stirrup,12.0,150.0,21,closed_stirrup_with_135deg_hooks,353,6.5,2294.5,2037.09,manual_review,manual_review,manual_review,RC support stirrups; shear and confinement detailing requires professional review
SP-L3-3-101,internal_support,SP-L3-3,支撑纵筋,longitudinal,25.0,,00,straight_with_development_length_review,8,59.294,474.351,1827.85,manual_review,manual_review,not_applicable,"RC support longitudinal bars; As=3927mm2, rho=0.15%; concrete=C40; axial-flexure-slenderness requires full check"
SP-L3-3-102,internal_support,SP-L3-3,支撑箍筋,stirrup,12.0,150.0,21,closed_stirrup_with_135deg_hooks,353,6.5,2294.5,2037.09,manual_review,manual_review,manual_review,RC support stirrups; shear and confinement detailing requires professional review
SP-L3-4-103,internal_support,SP-L3-4,支撑纵筋,longitudinal,25.0,,00,straight_with_development_length_review,8,59.294,474.351,1827.85,manual_review,manual_review,not_applicable,"RC support longitudinal bars; As=3927mm2, rho=0.15%; concrete=C40; axial-flexure-slenderness requires full check"
SP-L3-4-104,internal_support,SP-L3-4,支撑箍筋,stirrup,12.0,150.0,21,closed_stirrup_with_135deg_hooks,353,6.5,2294.5,2037.09,manual_review,manual_review,manual_review,RC support stirrups; shear and confinement detailing requires professional review
SP-L3-5-105,internal_support,SP-L3-5,支撑纵筋,longitudinal,25.0,,00,straight_with_development_length_review,8,59.294,474.351,1827.85,manual_review,manual_review,not_applicable,"RC support longitudinal bars; As=3927mm2, rho=0.15%; concrete=C40; axial-flexure-slenderness requires full check"
SP-L3-5-106,internal_support,SP-L3-5,支撑箍筋,stirrup,12.0,150.0,21,closed_stirrup_with_135deg_hooks,353,6.5,2294.5,2037.09,manual_review,manual_review,manual_review,RC support stirrups; shear and confinement detailing requires professional review
SP-L3-6-107,internal_support,SP-L3-6,支撑纵筋,longitudinal,25.0,,00,straight_with_development_length_review,8,59.294,474.351,1827.85,manual_review,manual_review,not_applicable,"RC support longitudinal bars; As=3927mm2, rho=0.15%; concrete=C40; axial-flexure-slenderness requires full check"
SP-L3-6-108,internal_support,SP-L3-6,支撑箍筋,stirrup,12.0,150.0,21,closed_stirrup_with_135deg_hooks,353,6.5,2294.5,2037.09,manual_review,manual_review,manual_review,RC support stirrups; shear and confinement detailing requires professional review
SP-L3-7-109,internal_support,SP-L3-7,支撑纵筋,longitudinal,25.0,,00,straight_with_development_length_review,8,59.294,474.351,1827.85,manual_review,manual_review,not_applicable,"RC support longitudinal bars; As=3927mm2, rho=0.15%; concrete=C40; axial-flexure-slenderness requires full check"
SP-L3-7-110,internal_support,SP-L3-7,支撑箍筋,stirrup,12.0,150.0,21,closed_stirrup_with_135deg_hooks,353,6.5,2294.5,2037.09,manual_review,manual_review,manual_review,RC support stirrups; shear and confinement detailing requires professional review
SP-L3-8-111,internal_support,SP-L3-8,支撑纵筋,longitudinal,25.0,,00,straight_with_development_length_review,8,59.294,474.351,1827.85,manual_review,manual_review,not_applicable,"RC support longitudinal bars; As=3927mm2, rho=0.15%; concrete=C40; axial-flexure-slenderness requires full check"
SP-L3-8-112,internal_support,SP-L3-8,支撑箍筋,stirrup,12.0,150.0,21,closed_stirrup_with_135deg_hooks,353,6.5,2294.5,2037.09,manual_review,manual_review,manual_review,RC support stirrups; shear and confinement detailing requires professional review
SP-L3-9-113,internal_support,SP-L3-9,支撑纵筋,longitudinal,25.0,,00,straight_with_development_length_review,8,59.294,474.351,1827.85,manual_review,manual_review,not_applicable,"RC support longitudinal bars; As=3927mm2, rho=0.15%; concrete=C40; axial-flexure-slenderness requires full check"
SP-L3-9-114,internal_support,SP-L3-9,支撑箍筋,stirrup,12.0,150.0,21,closed_stirrup_with_135deg_hooks,353,6.5,2294.5,2037.09,manual_review,manual_review,manual_review,RC support stirrups; shear and confinement detailing requires professional review
SP-L3-10-115,internal_support,SP-L3-10,支撑纵筋,longitudinal,25.0,,00,straight_with_development_length_review,8,59.294,474.351,1827.85,manual_review,manual_review,not_applicable,"RC support longitudinal bars; As=3927mm2, rho=0.15%; concrete=C40; axial-flexure-slenderness requires full check"
SP-L3-10-116,internal_support,SP-L3-10,支撑箍筋,stirrup,12.0,150.0,21,closed_stirrup_with_135deg_hooks,353,6.5,2294.5,2037.09,manual_review,manual_review,manual_review,RC support stirrups; shear and confinement detailing requires professional review
SP-L3-11-117,internal_support,SP-L3-11,支撑纵筋,longitudinal,25.0,,00,straight_with_development_length_review,8,59.294,474.351,1827.85,manual_review,manual_review,not_applicable,"RC support longitudinal bars; As=3927mm2, rho=0.15%; concrete=C40; axial-flexure-slenderness requires full check"
SP-L3-11-118,internal_support,SP-L3-11,支撑箍筋,stirrup,12.0,150.0,21,closed_stirrup_with_135deg_hooks,353,6.5,2294.5,2037.09,manual_review,manual_review,manual_review,RC support stirrups; shear and confinement detailing requires professional review
SP-L3-12-119,internal_support,SP-L3-12,支撑纵筋,longitudinal,25.0,,00,straight_with_development_length_review,8,59.294,474.351,1827.85,manual_review,manual_review,not_applicable,"RC support longitudinal bars; As=3927mm2, rho=0.15%; concrete=C40; axial-flexure-slenderness requires full check"
SP-L3-12-120,internal_support,SP-L3-12,支撑箍筋,stirrup,12.0,150.0,21,closed_stirrup_with_135deg_hooks,353,6.5,2294.5,2037.09,manual_review,manual_review,manual_review,RC support stirrups; shear and confinement detailing requires professional review
SP-L3-13-121,internal_support,SP-L3-13,支撑纵筋,longitudinal,25.0,,00,straight_with_development_length_review,8,59.294,474.351,1827.85,manual_review,manual_review,not_applicable,"RC support longitudinal bars; As=3927mm2, rho=0.15%; concrete=C40; axial-flexure-slenderness requires full check"
SP-L3-13-122,internal_support,SP-L3-13,支撑箍筋,stirrup,12.0,150.0,21,closed_stirrup_with_135deg_hooks,353,6.5,2294.5,2037.09,manual_review,manual_review,manual_review,RC support stirrups; shear and confinement detailing requires professional review
SP-L3-14-123,internal_support,SP-L3-14,支撑纵筋,longitudinal,25.0,,00,straight_with_development_length_review,8,59.294,474.351,1827.85,manual_review,manual_review,not_applicable,"RC support longitudinal bars; As=3927mm2, rho=0.15%; concrete=C40; axial-flexure-slenderness requires full check"
SP-L3-14-124,internal_support,SP-L3-14,支撑箍筋,stirrup,12.0,150.0,21,closed_stirrup_with_135deg_hooks,353,6.5,2294.5,2037.09,manual_review,manual_review,manual_review,RC support stirrups; shear and confinement detailing requires professional review
SP-L3-15-125,internal_support,SP-L3-15,支撑纵筋,longitudinal,25.0,,00,straight_with_development_length_review,8,59.294,474.351,1827.85,manual_review,manual_review,not_applicable,"RC support longitudinal bars; As=3927mm2, rho=0.15%; concrete=C40; axial-flexure-slenderness requires full check"
SP-L3-15-126,internal_support,SP-L3-15,支撑箍筋,stirrup,12.0,150.0,21,closed_stirrup_with_135deg_hooks,353,6.5,2294.5,2037.09,manual_review,manual_review,manual_review,RC support stirrups; shear and confinement detailing requires professional review
SP-L3-16-127,internal_support,SP-L3-16,支撑纵筋,longitudinal,25.0,,00,straight_with_development_length_review,8,59.294,474.351,1827.85,manual_review,manual_review,not_applicable,"RC support longitudinal bars; As=3927mm2, rho=0.15%; concrete=C40; axial-flexure-slenderness requires full check"
SP-L3-16-128,internal_support,SP-L3-16,支撑箍筋,stirrup,12.0,150.0,21,closed_stirrup_with_135deg_hooks,353,6.5,2294.5,2037.09,manual_review,manual_review,manual_review,RC support stirrups; shear and confinement detailing requires professional review
SP-L3-17-129,internal_support,SP-L3-17,支撑纵筋,longitudinal,25.0,,00,straight_with_development_length_review,8,59.294,474.351,1827.85,manual_review,manual_review,not_applicable,"RC support longitudinal bars; As=3927mm2, rho=0.15%; concrete=C40; axial-flexure-slenderness requires full check"
SP-L3-17-130,internal_support,SP-L3-17,支撑箍筋,stirrup,12.0,150.0,21,closed_stirrup_with_135deg_hooks,353,6.5,2294.5,2037.09,manual_review,manual_review,manual_review,RC support stirrups; shear and confinement detailing requires professional review
SP-L3-18-131,internal_support,SP-L3-18,支撑纵筋,longitudinal,25.0,,00,straight_with_development_length_review,8,59.294,474.351,1827.85,manual_review,manual_review,not_applicable,"RC support longitudinal bars; As=3927mm2, rho=0.15%; concrete=C40; axial-flexure-slenderness requires full check"
SP-L3-18-132,internal_support,SP-L3-18,支撑箍筋,stirrup,12.0,150.0,21,closed_stirrup_with_135deg_hooks,353,6.5,2294.5,2037.09,manual_review,manual_review,manual_review,RC support stirrups; shear and confinement detailing requires professional review
SP-L3-19-133,internal_support,SP-L3-19,支撑纵筋,longitudinal,25.0,,00,straight_with_development_length_review,8,59.294,474.351,1827.85,manual_review,manual_review,not_applicable,"RC support longitudinal bars; As=3927mm2, rho=0.15%; concrete=C40; axial-flexure-slenderness requires full check"
SP-L3-19-134,internal_support,SP-L3-19,支撑箍筋,stirrup,12.0,150.0,21,closed_stirrup_with_135deg_hooks,353,6.5,2294.5,2037.09,manual_review,manual_review,manual_review,RC support stirrups; shear and confinement detailing requires professional review
SP-L3-20-135,internal_support,SP-L3-20,支撑纵筋,longitudinal,25.0,,00,straight_with_development_length_review,8,59.294,474.351,1827.85,manual_review,manual_review,not_applicable,"RC support longitudinal bars; As=3927mm2, rho=0.15%; concrete=C40; axial-flexure-slenderness requires full check"
SP-L3-20-136,internal_support,SP-L3-20,支撑箍筋,stirrup,12.0,150.0,21,closed_stirrup_with_135deg_hooks,353,6.5,2294.5,2037.09,manual_review,manual_review,manual_review,RC support stirrups; shear and confinement detailing requires professional review
ND-SP-L1-1-A-137,support_wale_node,ND-SP-L1-1-A,节点附加竖向筋,additional,20.0,,99,additional_detail_bar_manual_review,4,3.45,13.8,34.03,manual_review,manual_review,manual_review,support-to-wale node vertical bars
ND-SP-L1-1-A-138,support_wale_node,ND-SP-L1-1-A,节点加密箍筋,stirrup,12.0,100.0,21,closed_stirrup_with_135deg_hooks,31,5.5,170.5,151.37,manual_review,manual_review,manual_review,dense stirrups in node core
ND-SP-L1-1-B-139,support_wale_node,ND-SP-L1-1-B,节点附加竖向筋,additional,20.0,,99,additional_detail_bar_manual_review,4,3.45,13.8,34.03,manual_review,manual_review,manual_review,support-to-wale node vertical bars
ND-SP-L1-1-B-140,support_wale_node,ND-SP-L1-1-B,节点加密箍筋,stirrup,12.0,100.0,21,closed_stirrup_with_135deg_hooks,31,5.5,170.5,151.37,manual_review,manual_review,manual_review,dense stirrups in node core
ND-SP-L1-2-A-141,support_wale_node,ND-SP-L1-2-A,节点附加竖向筋,additional,20.0,,99,additional_detail_bar_manual_review,4,3.45,13.8,34.03,manual_review,manual_review,manual_review,support-to-wale node vertical bars
ND-SP-L1-2-A-142,support_wale_node,ND-SP-L1-2-A,节点加密箍筋,stirrup,12.0,100.0,21,closed_stirrup_with_135deg_hooks,31,5.5,170.5,151.37,manual_review,manual_review,manual_review,dense stirrups in node core
ND-SP-L1-2-B-143,support_wale_node,ND-SP-L1-2-B,节点附加竖向筋,additional,20.0,,99,additional_detail_bar_manual_review,4,3.45,13.8,34.03,manual_review,manual_review,manual_review,support-to-wale node vertical bars
ND-SP-L1-2-B-144,support_wale_node,ND-SP-L1-2-B,节点加密箍筋,stirrup,12.0,100.0,21,closed_stirrup_with_135deg_hooks,31,5.5,170.5,151.37,manual_review,manual_review,manual_review,dense stirrups in node core
ND-SP-L1-3-A-145,support_wale_node,ND-SP-L1-3-A,节点附加竖向筋,additional,20.0,,99,additional_detail_bar_manual_review,4,3.45,13.8,34.03,manual_review,manual_review,manual_review,support-to-wale node vertical bars
ND-SP-L1-3-A-146,support_wale_node,ND-SP-L1-3-A,节点加密箍筋,stirrup,12.0,100.0,21,closed_stirrup_with_135deg_hooks,31,5.5,170.5,151.37,manual_review,manual_review,manual_review,dense stirrups in node core
ND-SP-L1-3-B-147,support_wale_node,ND-SP-L1-3-B,节点附加竖向筋,additional,20.0,,99,additional_detail_bar_manual_review,4,3.45,13.8,34.03,manual_review,manual_review,manual_review,support-to-wale node vertical bars
ND-SP-L1-3-B-148,support_wale_node,ND-SP-L1-3-B,节点加密箍筋,stirrup,12.0,100.0,21,closed_stirrup_with_135deg_hooks,31,5.5,170.5,151.37,manual_review,manual_review,manual_review,dense stirrups in node core
ND-SP-L1-4-A-149,support_wale_node,ND-SP-L1-4-A,节点附加竖向筋,additional,20.0,,99,additional_detail_bar_manual_review,4,3.45,13.8,34.03,manual_review,manual_review,manual_review,support-to-wale node vertical bars
ND-SP-L1-4-A-150,support_wale_node,ND-SP-L1-4-A,节点加密箍筋,stirrup,12.0,100.0,21,closed_stirrup_with_135deg_hooks,31,5.5,170.5,151.37,manual_review,manual_review,manual_review,dense stirrups in node core
ND-SP-L1-4-B-151,support_wale_node,ND-SP-L1-4-B,节点附加竖向筋,additional,20.0,,99,additional_detail_bar_manual_review,4,3.45,13.8,34.03,manual_review,manual_review,manual_review,support-to-wale node vertical bars
ND-SP-L1-4-B-152,support_wale_node,ND-SP-L1-4-B,节点加密箍筋,stirrup,12.0,100.0,21,closed_stirrup_with_135deg_hooks,31,5.5,170.5,151.37,manual_review,manual_review,manual_review,dense stirrups in node core
ND-SP-L1-5-A-153,support_wale_node,ND-SP-L1-5-A,节点附加竖向筋,additional,20.0,,99,additional_detail_bar_manual_review,4,3.45,13.8,34.03,manual_review,manual_review,manual_review,support-to-wale node vertical bars
ND-SP-L1-5-A-154,support_wale_node,ND-SP-L1-5-A,节点加密箍筋,stirrup,12.0,100.0,21,closed_stirrup_with_135deg_hooks,31,5.5,170.5,151.37,manual_review,manual_review,manual_review,dense stirrups in node core
ND-SP-L1-5-B-155,support_wale_node,ND-SP-L1-5-B,节点附加竖向筋,additional,20.0,,99,additional_detail_bar_manual_review,4,3.45,13.8,34.03,manual_review,manual_review,manual_review,support-to-wale node vertical bars
ND-SP-L1-5-B-156,support_wale_node,ND-SP-L1-5-B,节点加密箍筋,stirrup,12.0,100.0,21,closed_stirrup_with_135deg_hooks,31,5.5,170.5,151.37,manual_review,manual_review,manual_review,dense stirrups in node core
ND-SP-L1-6-A-157,support_wale_node,ND-SP-L1-6-A,节点附加竖向筋,additional,20.0,,99,additional_detail_bar_manual_review,4,3.45,13.8,34.03,manual_review,manual_review,manual_review,support-to-wale node vertical bars
ND-SP-L1-6-A-158,support_wale_node,ND-SP-L1-6-A,节点加密箍筋,stirrup,12.0,100.0,21,closed_stirrup_with_135deg_hooks,31,5.5,170.5,151.37,manual_review,manual_review,manual_review,dense stirrups in node core
ND-SP-L1-6-B-159,support_wale_node,ND-SP-L1-6-B,节点附加竖向筋,additional,20.0,,99,additional_detail_bar_manual_review,4,3.45,13.8,34.03,manual_review,manual_review,manual_review,support-to-wale node vertical bars
ND-SP-L1-6-B-160,support_wale_node,ND-SP-L1-6-B,节点加密箍筋,stirrup,12.0,100.0,21,closed_stirrup_with_135deg_hooks,31,5.5,170.5,151.37,manual_review,manual_review,manual_review,dense stirrups in node core
ND-SP-L1-7-A-161,support_wale_node,ND-SP-L1-7-A,节点附加竖向筋,additional,20.0,,99,additional_detail_bar_manual_review,4,3.45,13.8,34.03,manual_review,manual_review,manual_review,support-to-wale node vertical bars
ND-SP-L1-7-A-162,support_wale_node,ND-SP-L1-7-A,节点加密箍筋,stirrup,12.0,100.0,21,closed_stirrup_with_135deg_hooks,31,5.5,170.5,151.37,manual_review,manual_review,manual_review,dense stirrups in node core
ND-SP-L1-7-B-163,support_wale_node,ND-SP-L1-7-B,节点附加竖向筋,additional,20.0,,99,additional_detail_bar_manual_review,4,3.45,13.8,34.03,manual_review,manual_review,manual_review,support-to-wale node vertical bars
ND-SP-L1-7-B-164,support_wale_node,ND-SP-L1-7-B,节点加密箍筋,stirrup,12.0,100.0,21,closed_stirrup_with_135deg_hooks,31,5.5,170.5,151.37,manual_review,manual_review,manual_review,dense stirrups in node core
ND-SP-L1-8-A-165,support_wale_node,ND-SP-L1-8-A,节点附加竖向筋,additional,20.0,,99,additional_detail_bar_manual_review,4,3.45,13.8,34.03,manual_review,manual_review,manual_review,support-to-wale node vertical bars
ND-SP-L1-8-A-166,support_wale_node,ND-SP-L1-8-A,节点加密箍筋,stirrup,12.0,100.0,21,closed_stirrup_with_135deg_hooks,31,5.5,170.5,151.37,manual_review,manual_review,manual_review,dense stirrups in node core
ND-SP-L1-8-B-167,support_wale_node,ND-SP-L1-8-B,节点附加竖向筋,additional,20.0,,99,additional_detail_bar_manual_review,4,3.45,13.8,34.03,manual_review,manual_review,manual_review,support-to-wale node vertical bars
ND-SP-L1-8-B-168,support_wale_node,ND-SP-L1-8-B,节点加密箍筋,stirrup,12.0,100.0,21,closed_stirrup_with_135deg_hooks,31,5.5,170.5,151.37,manual_review,manual_review,manual_review,dense stirrups in node core
ND-SP-L1-9-A-169,support_wale_node,ND-SP-L1-9-A,节点附加竖向筋,additional,20.0,,99,additional_detail_bar_manual_review,4,3.45,13.8,34.03,manual_review,manual_review,manual_review,support-to-wale node vertical bars
ND-SP-L1-9-A-170,support_wale_node,ND-SP-L1-9-A,节点加密箍筋,stirrup,12.0,100.0,21,closed_stirrup_with_135deg_hooks,31,5.5,170.5,151.37,manual_review,manual_review,manual_review,dense stirrups in node core
ND-SP-L1-9-B-171,support_wale_node,ND-SP-L1-9-B,节点附加竖向筋,additional,20.0,,99,additional_detail_bar_manual_review,4,3.45,13.8,34.03,manual_review,manual_review,manual_review,support-to-wale node vertical bars
ND-SP-L1-9-B-172,support_wale_node,ND-SP-L1-9-B,节点加密箍筋,stirrup,12.0,100.0,21,closed_stirrup_with_135deg_hooks,31,5.5,170.5,151.37,manual_review,manual_review,manual_review,dense stirrups in node core
ND-SP-L1-10-A-173,support_wale_node,ND-SP-L1-10-A,节点附加竖向筋,additional,20.0,,99,additional_detail_bar_manual_review,4,3.45,13.8,34.03,manual_review,manual_review,manual_review,support-to-wale node vertical bars
ND-SP-L1-10-A-174,support_wale_node,ND-SP-L1-10-A,节点加密箍筋,stirrup,12.0,100.0,21,closed_stirrup_with_135deg_hooks,31,5.5,170.5,151.37,manual_review,manual_review,manual_review,dense stirrups in node core
ND-SP-L1-10-B-175,support_wale_node,ND-SP-L1-10-B,节点附加竖向筋,additional,20.0,,99,additional_detail_bar_manual_review,4,3.45,13.8,34.03,manual_review,manual_review,manual_review,support-to-wale node vertical bars
ND-SP-L1-10-B-176,support_wale_node,ND-SP-L1-10-B,节点加密箍筋,stirrup,12.0,100.0,21,closed_stirrup_with_135deg_hooks,31,5.5,170.5,151.37,manual_review,manual_review,manual_review,dense stirrups in node core
ND-SP-L1-11-A-177,support_wale_node,ND-SP-L1-11-A,节点附加竖向筋,additional,20.0,,99,additional_detail_bar_manual_review,4,3.45,13.8,34.03,manual_review,manual_review,manual_review,support-to-wale node vertical bars
ND-SP-L1-11-A-178,support_wale_node,ND-SP-L1-11-A,节点加密箍筋,stirrup,12.0,100.0,21,closed_stirrup_with_135deg_hooks,31,5.5,170.5,151.37,manual_review,manual_review,manual_review,dense stirrups in node core
ND-SP-L1-11-B-179,support_wale_node,ND-SP-L1-11-B,节点附加竖向筋,additional,20.0,,99,additional_detail_bar_manual_review,4,3.45,13.8,34.03,manual_review,manual_review,manual_review,support-to-wale node vertical bars
ND-SP-L1-11-B-180,support_wale_node,ND-SP-L1-11-B,节点加密箍筋,stirrup,12.0,100.0,21,closed_stirrup_with_135deg_hooks,31,5.5,170.5,151.37,manual_review,manual_review,manual_review,dense stirrups in node core
ND-SP-L1-12-A-181,support_wale_node,ND-SP-L1-12-A,节点附加竖向筋,additional,20.0,,99,additional_detail_bar_manual_review,4,3.45,13.8,34.03,manual_review,manual_review,manual_review,support-to-wale node vertical bars
ND-SP-L1-12-A-182,support_wale_node,ND-SP-L1-12-A,节点加密箍筋,stirrup,12.0,100.0,21,closed_stirrup_with_135deg_hooks,31,5.5,170.5,151.37,manual_review,manual_review,manual_review,dense stirrups in node core
ND-SP-L1-12-B-183,support_wale_node,ND-SP-L1-12-B,节点附加竖向筋,additional,20.0,,99,additional_detail_bar_manual_review,4,3.45,13.8,34.03,manual_review,manual_review,manual_review,support-to-wale node vertical bars
ND-SP-L1-12-B-184,support_wale_node,ND-SP-L1-12-B,节点加密箍筋,stirrup,12.0,100.0,21,closed_stirrup_with_135deg_hooks,31,5.5,170.5,151.37,manual_review,manual_review,manual_review,dense stirrups in node core
ND-SP-L1-13-A-185,support_wale_node,ND-SP-L1-13-A,节点附加竖向筋,additional,20.0,,99,additional_detail_bar_manual_review,4,3.45,13.8,34.03,manual_review,manual_review,manual_review,support-to-wale node vertical bars
ND-SP-L1-13-A-186,support_wale_node,ND-SP-L1-13-A,节点加密箍筋,stirrup,12.0,100.0,21,closed_stirrup_with_135deg_hooks,31,5.5,170.5,151.37,manual_review,manual_review,manual_review,dense stirrups in node core
ND-SP-L1-13-B-187,support_wale_node,ND-SP-L1-13-B,节点附加竖向筋,additional,20.0,,99,additional_detail_bar_manual_review,4,3.45,13.8,34.03,manual_review,manual_review,manual_review,support-to-wale node vertical bars
ND-SP-L1-13-B-188,support_wale_node,ND-SP-L1-13-B,节点加密箍筋,stirrup,12.0,100.0,21,closed_stirrup_with_135deg_hooks,31,5.5,170.5,151.37,manual_review,manual_review,manual_review,dense stirrups in node core
ND-SP-L1-14-A-189,support_wale_node,ND-SP-L1-14-A,节点附加竖向筋,additional,20.0,,99,additional_detail_bar_manual_review,4,3.45,13.8,34.03,manual_review,manual_review,manual_review,support-to-wale node vertical bars
ND-SP-L1-14-A-190,support_wale_node,ND-SP-L1-14-A,节点加密箍筋,stirrup,12.0,100.0,21,closed_stirrup_with_135deg_hooks,31,5.5,170.5,151.37,manual_review,manual_review,manual_review,dense stirrups in node core
ND-SP-L1-14-B-191,support_wale_node,ND-SP-L1-14-B,节点附加竖向筋,additional,20.0,,99,additional_detail_bar_manual_review,4,3.45,13.8,34.03,manual_review,manual_review,manual_review,support-to-wale node vertical bars
ND-SP-L1-14-B-192,support_wale_node,ND-SP-L1-14-B,节点加密箍筋,stirrup,12.0,100.0,21,closed_stirrup_with_135deg_hooks,31,5.5,170.5,151.37,manual_review,manual_review,manual_review,dense stirrups in node core
ND-SP-L1-15-A-193,support_wale_node,ND-SP-L1-15-A,节点附加竖向筋,additional,20.0,,99,additional_detail_bar_manual_review,4,3.45,13.8,34.03,manual_review,manual_review,manual_review,support-to-wale node vertical bars
ND-SP-L1-15-A-194,support_wale_node,ND-SP-L1-15-A,节点加密箍筋,stirrup,12.0,100.0,21,closed_stirrup_with_135deg_hooks,31,5.5,170.5,151.37,manual_review,manual_review,manual_review,dense stirrups in node core
ND-SP-L1-15-B-195,support_wale_node,ND-SP-L1-15-B,节点附加竖向筋,additional,20.0,,99,additional_detail_bar_manual_review,4,3.45,13.8,34.03,manual_review,manual_review,manual_review,support-to-wale node vertical bars
ND-SP-L1-15-B-196,support_wale_node,ND-SP-L1-15-B,节点加密箍筋,stirrup,12.0,100.0,21,closed_stirrup_with_135deg_hooks,31,5.5,170.5,151.37,manual_review,manual_review,manual_review,dense stirrups in node core
ND-SP-L1-16-A-197,support_wale_node,ND-SP-L1-16-A,节点附加竖向筋,additional,20.0,,99,additional_detail_bar_manual_review,4,3.45,13.8,34.03,manual_review,manual_review,manual_review,support-to-wale node vertical bars
ND-SP-L1-16-A-198,support_wale_node,ND-SP-L1-16-A,节点加密箍筋,stirrup,12.0,100.0,21,closed_stirrup_with_135deg_hooks,31,5.5,170.5,151.37,manual_review,manual_review,manual_review,dense stirrups in node core
ND-SP-L1-16-B-199,support_wale_node,ND-SP-L1-16-B,节点附加竖向筋,additional,20.0,,99,additional_detail_bar_manual_review,4,3.45,13.8,34.03,manual_review,manual_review,manual_review,support-to-wale node vertical bars
ND-SP-L1-16-B-200,support_wale_node,ND-SP-L1-16-B,节点加密箍筋,stirrup,12.0,100.0,21,closed_stirrup_with_135deg_hooks,31,5.5,170.5,151.37,manual_review,manual_review,manual_review,dense stirrups in node core
ND-SP-L1-17-A-201,support_wale_node,ND-SP-L1-17-A,节点附加竖向筋,additional,20.0,,99,additional_detail_bar_manual_review,4,3.45,13.8,34.03,manual_review,manual_review,manual_review,support-to-wale node vertical bars
ND-SP-L1-17-A-202,support_wale_node,ND-SP-L1-17-A,节点加密箍筋,stirrup,12.0,100.0,21,closed_stirrup_with_135deg_hooks,31,5.5,170.5,151.37,manual_review,manual_review,manual_review,dense stirrups in node core
ND-SP-L1-17-B-203,support_wale_node,ND-SP-L1-17-B,节点附加竖向筋,additional,20.0,,99,additional_detail_bar_manual_review,4,3.45,13.8,34.03,manual_review,manual_review,manual_review,support-to-wale node vertical bars
ND-SP-L1-17-B-204,support_wale_node,ND-SP-L1-17-B,节点加密箍筋,stirrup,12.0,100.0,21,closed_stirrup_with_135deg_hooks,31,5.5,170.5,151.37,manual_review,manual_review,manual_review,dense stirrups in node core
ND-SP-L1-18-A-205,support_wale_node,ND-SP-L1-18-A,节点附加竖向筋,additional,20.0,,99,additional_detail_bar_manual_review,4,3.45,13.8,34.03,manual_review,manual_review,manual_review,support-to-wale node vertical bars
ND-SP-L1-18-A-206,support_wale_node,ND-SP-L1-18-A,节点加密箍筋,stirrup,12.0,100.0,21,closed_stirrup_with_135deg_hooks,31,5.5,170.5,151.37,manual_review,manual_review,manual_review,dense stirrups in node core
ND-SP-L1-18-B-207,support_wale_node,ND-SP-L1-18-B,节点附加竖向筋,additional,20.0,,99,additional_detail_bar_manual_review,4,3.45,13.8,34.03,manual_review,manual_review,manual_review,support-to-wale node vertical bars
ND-SP-L1-18-B-208,support_wale_node,ND-SP-L1-18-B,节点加密箍筋,stirrup,12.0,100.0,21,closed_stirrup_with_135deg_hooks,31,5.5,170.5,151.37,manual_review,manual_review,manual_review,dense stirrups in node core
ND-SP-L1-19-A-209,support_wale_node,ND-SP-L1-19-A,节点附加竖向筋,additional,20.0,,99,additional_detail_bar_manual_review,4,3.45,13.8,34.03,manual_review,manual_review,manual_review,support-to-wale node vertical bars
ND-SP-L1-19-A-210,support_wale_node,ND-SP-L1-19-A,节点加密箍筋,stirrup,12.0,100.0,21,closed_stirrup_with_135deg_hooks,31,5.5,170.5,151.37,manual_review,manual_review,manual_review,dense stirrups in node core
ND-SP-L1-19-B-211,support_wale_node,ND-SP-L1-19-B,节点附加竖向筋,additional,20.0,,99,additional_detail_bar_manual_review,4,3.45,13.8,34.03,manual_review,manual_review,manual_review,support-to-wale node vertical bars
ND-SP-L1-19-B-212,support_wale_node,ND-SP-L1-19-B,节点加密箍筋,stirrup,12.0,100.0,21,closed_stirrup_with_135deg_hooks,31,5.5,170.5,151.37,manual_review,manual_review,manual_review,dense stirrups in node core
ND-SP-L1-20-A-213,support_wale_node,ND-SP-L1-20-A,节点附加竖向筋,additional,20.0,,99,additional_detail_bar_manual_review,4,3.45,13.8,34.03,manual_review,manual_review,manual_review,support-to-wale node vertical bars
ND-SP-L1-20-A-214,support_wale_node,ND-SP-L1-20-A,节点加密箍筋,stirrup,12.0,100.0,21,closed_stirrup_with_135deg_hooks,31,5.5,170.5,151.37,manual_review,manual_review,manual_review,dense stirrups in node core
ND-SP-L1-20-B-215,support_wale_node,ND-SP-L1-20-B,节点附加竖向筋,additional,20.0,,99,additional_detail_bar_manual_review,4,3.45,13.8,34.03,manual_review,manual_review,manual_review,support-to-wale node vertical bars
ND-SP-L1-20-B-216,support_wale_node,ND-SP-L1-20-B,节点加密箍筋,stirrup,12.0,100.0,21,closed_stirrup_with_135deg_hooks,31,5.5,170.5,151.37,manual_review,manual_review,manual_review,dense stirrups in node core
ND-SP-L2-1-A-217,support_wale_node,ND-SP-L2-1-A,节点附加竖向筋,additional,20.0,,99,additional_detail_bar_manual_review,4,3.45,13.8,34.03,manual_review,manual_review,manual_review,support-to-wale node vertical bars
ND-SP-L2-1-A-218,support_wale_node,ND-SP-L2-1-A,节点加密箍筋,stirrup,12.0,100.0,21,closed_stirrup_with_135deg_hooks,31,5.5,170.5,151.37,manual_review,manual_review,manual_review,dense stirrups in node core
ND-SP-L2-1-B-219,support_wale_node,ND-SP-L2-1-B,节点附加竖向筋,additional,20.0,,99,additional_detail_bar_manual_review,4,3.45,13.8,34.03,manual_review,manual_review,manual_review,support-to-wale node vertical bars
ND-SP-L2-1-B-220,support_wale_node,ND-SP-L2-1-B,节点加密箍筋,stirrup,12.0,100.0,21,closed_stirrup_with_135deg_hooks,31,5.5,170.5,151.37,manual_review,manual_review,manual_review,dense stirrups in node core
ND-SP-L2-2-A-221,support_wale_node,ND-SP-L2-2-A,节点附加竖向筋,additional,20.0,,99,additional_detail_bar_manual_review,4,3.45,13.8,34.03,manual_review,manual_review,manual_review,support-to-wale node vertical bars
ND-SP-L2-2-A-222,support_wale_node,ND-SP-L2-2-A,节点加密箍筋,stirrup,12.0,100.0,21,closed_stirrup_with_135deg_hooks,31,5.5,170.5,151.37,manual_review,manual_review,manual_review,dense stirrups in node core
ND-SP-L2-2-B-223,support_wale_node,ND-SP-L2-2-B,节点附加竖向筋,additional,20.0,,99,additional_detail_bar_manual_review,4,3.45,13.8,34.03,manual_review,manual_review,manual_review,support-to-wale node vertical bars
ND-SP-L2-2-B-224,support_wale_node,ND-SP-L2-2-B,节点加密箍筋,stirrup,12.0,100.0,21,closed_stirrup_with_135deg_hooks,31,5.5,170.5,151.37,manual_review,manual_review,manual_review,dense stirrups in node core
ND-SP-L2-3-A-225,support_wale_node,ND-SP-L2-3-A,节点附加竖向筋,additional,20.0,,99,additional_detail_bar_manual_review,4,3.45,13.8,34.03,manual_review,manual_review,manual_review,support-to-wale node vertical bars
ND-SP-L2-3-A-226,support_wale_node,ND-SP-L2-3-A,节点加密箍筋,stirrup,12.0,100.0,21,closed_stirrup_with_135deg_hooks,31,5.5,170.5,151.37,manual_review,manual_review,manual_review,dense stirrups in node core
ND-SP-L2-3-B-227,support_wale_node,ND-SP-L2-3-B,节点附加竖向筋,additional,20.0,,99,additional_detail_bar_manual_review,4,3.45,13.8,34.03,manual_review,manual_review,manual_review,support-to-wale node vertical bars
ND-SP-L2-3-B-228,support_wale_node,ND-SP-L2-3-B,节点加密箍筋,stirrup,12.0,100.0,21,closed_stirrup_with_135deg_hooks,31,5.5,170.5,151.37,manual_review,manual_review,manual_review,dense stirrups in node core
ND-SP-L2-4-A-229,support_wale_node,ND-SP-L2-4-A,节点附加竖向筋,additional,20.0,,99,additional_detail_bar_manual_review,4,3.45,13.8,34.03,manual_review,manual_review,manual_review,support-to-wale node vertical bars
ND-SP-L2-4-A-230,support_wale_node,ND-SP-L2-4-A,节点加密箍筋,stirrup,12.0,100.0,21,closed_stirrup_with_135deg_hooks,31,5.5,170.5,151.37,manual_review,manual_review,manual_review,dense stirrups in node core
ND-SP-L2-4-B-231,support_wale_node,ND-SP-L2-4-B,节点附加竖向筋,additional,20.0,,99,additional_detail_bar_manual_review,4,3.45,13.8,34.03,manual_review,manual_review,manual_review,support-to-wale node vertical bars
ND-SP-L2-4-B-232,support_wale_node,ND-SP-L2-4-B,节点加密箍筋,stirrup,12.0,100.0,21,closed_stirrup_with_135deg_hooks,31,5.5,170.5,151.37,manual_review,manual_review,manual_review,dense stirrups in node core
ND-SP-L2-5-A-233,support_wale_node,ND-SP-L2-5-A,节点附加竖向筋,additional,20.0,,99,additional_detail_bar_manual_review,4,3.45,13.8,34.03,manual_review,manual_review,manual_review,support-to-wale node vertical bars
ND-SP-L2-5-A-234,support_wale_node,ND-SP-L2-5-A,节点加密箍筋,stirrup,12.0,100.0,21,closed_stirrup_with_135deg_hooks,31,5.5,170.5,151.37,manual_review,manual_review,manual_review,dense stirrups in node core
ND-SP-L2-5-B-235,support_wale_node,ND-SP-L2-5-B,节点附加竖向筋,additional,20.0,,99,additional_detail_bar_manual_review,4,3.45,13.8,34.03,manual_review,manual_review,manual_review,support-to-wale node vertical bars
ND-SP-L2-5-B-236,support_wale_node,ND-SP-L2-5-B,节点加密箍筋,stirrup,12.0,100.0,21,closed_stirrup_with_135deg_hooks,31,5.5,170.5,151.37,manual_review,manual_review,manual_review,dense stirrups in node core
ND-SP-L2-6-A-237,support_wale_node,ND-SP-L2-6-A,节点附加竖向筋,additional,20.0,,99,additional_detail_bar_manual_review,4,3.45,13.8,34.03,manual_review,manual_review,manual_review,support-to-wale node vertical bars
ND-SP-L2-6-A-238,support_wale_node,ND-SP-L2-6-A,节点加密箍筋,stirrup,12.0,100.0,21,closed_stirrup_with_135deg_hooks,31,5.5,170.5,151.37,manual_review,manual_review,manual_review,dense stirrups in node core
ND-SP-L2-6-B-239,support_wale_node,ND-SP-L2-6-B,节点附加竖向筋,additional,20.0,,99,additional_detail_bar_manual_review,4,3.45,13.8,34.03,manual_review,manual_review,manual_review,support-to-wale node vertical bars
ND-SP-L2-6-B-240,support_wale_node,ND-SP-L2-6-B,节点加密箍筋,stirrup,12.0,100.0,21,closed_stirrup_with_135deg_hooks,31,5.5,170.5,151.37,manual_review,manual_review,manual_review,dense stirrups in node core
ND-SP-L2-7-A-241,support_wale_node,ND-SP-L2-7-A,节点附加竖向筋,additional,20.0,,99,additional_detail_bar_manual_review,4,3.45,13.8,34.03,manual_review,manual_review,manual_review,support-to-wale node vertical bars
ND-SP-L2-7-A-242,support_wale_node,ND-SP-L2-7-A,节点加密箍筋,stirrup,12.0,100.0,21,closed_stirrup_with_135deg_hooks,31,5.5,170.5,151.37,manual_review,manual_review,manual_review,dense stirrups in node core
ND-SP-L2-7-B-243,support_wale_node,ND-SP-L2-7-B,节点附加竖向筋,additional,20.0,,99,additional_detail_bar_manual_review,4,3.45,13.8,34.03,manual_review,manual_review,manual_review,support-to-wale node vertical bars
ND-SP-L2-7-B-244,support_wale_node,ND-SP-L2-7-B,节点加密箍筋,stirrup,12.0,100.0,21,closed_stirrup_with_135deg_hooks,31,5.5,170.5,151.37,manual_review,manual_review,manual_review,dense stirrups in node core
ND-SP-L2-8-A-245,support_wale_node,ND-SP-L2-8-A,节点附加竖向筋,additional,20.0,,99,additional_detail_bar_manual_review,4,3.45,13.8,34.03,manual_review,manual_review,manual_review,support-to-wale node vertical bars
ND-SP-L2-8-A-246,support_wale_node,ND-SP-L2-8-A,节点加密箍筋,stirrup,12.0,100.0,21,closed_stirrup_with_135deg_hooks,31,5.5,170.5,151.37,manual_review,manual_review,manual_review,dense stirrups in node core
ND-SP-L2-8-B-247,support_wale_node,ND-SP-L2-8-B,节点附加竖向筋,additional,20.0,,99,additional_detail_bar_manual_review,4,3.45,13.8,34.03,manual_review,manual_review,manual_review,support-to-wale node vertical bars
ND-SP-L2-8-B-248,support_wale_node,ND-SP-L2-8-B,节点加密箍筋,stirrup,12.0,100.0,21,closed_stirrup_with_135deg_hooks,31,5.5,170.5,151.37,manual_review,manual_review,manual_review,dense stirrups in node core
ND-SP-L2-9-A-249,support_wale_node,ND-SP-L2-9-A,节点附加竖向筋,additional,20.0,,99,additional_detail_bar_manual_review,4,3.45,13.8,34.03,manual_review,manual_review,manual_review,support-to-wale node vertical bars
ND-SP-L2-9-A-250,support_wale_node,ND-SP-L2-9-A,节点加密箍筋,stirrup,12.0,100.0,21,closed_stirrup_with_135deg_hooks,31,5.5,170.5,151.37,manual_review,manual_review,manual_review,dense stirrups in node core
ND-SP-L2-9-B-251,support_wale_node,ND-SP-L2-9-B,节点附加竖向筋,additional,20.0,,99,additional_detail_bar_manual_review,4,3.45,13.8,34.03,manual_review,manual_review,manual_review,support-to-wale node vertical bars
ND-SP-L2-9-B-252,support_wale_node,ND-SP-L2-9-B,节点加密箍筋,stirrup,12.0,100.0,21,closed_stirrup_with_135deg_hooks,31,5.5,170.5,151.37,manual_review,manual_review,manual_review,dense stirrups in node core
ND-SP-L2-10-A-253,support_wale_node,ND-SP-L2-10-A,节点附加竖向筋,additional,20.0,,99,additional_detail_bar_manual_review,4,3.45,13.8,34.03,manual_review,manual_review,manual_review,support-to-wale node vertical bars
ND-SP-L2-10-A-254,support_wale_node,ND-SP-L2-10-A,节点加密箍筋,stirrup,12.0,100.0,21,closed_stirrup_with_135deg_hooks,31,5.5,170.5,151.37,manual_review,manual_review,manual_review,dense stirrups in node core
ND-SP-L2-10-B-255,support_wale_node,ND-SP-L2-10-B,节点附加竖向筋,additional,20.0,,99,additional_detail_bar_manual_review,4,3.45,13.8,34.03,manual_review,manual_review,manual_review,support-to-wale node vertical bars
ND-SP-L2-10-B-256,support_wale_node,ND-SP-L2-10-B,节点加密箍筋,stirrup,12.0,100.0,21,closed_stirrup_with_135deg_hooks,31,5.5,170.5,151.37,manual_review,manual_review,manual_review,dense stirrups in node core
ND-SP-L2-11-A-257,support_wale_node,ND-SP-L2-11-A,节点附加竖向筋,additional,20.0,,99,additional_detail_bar_manual_review,4,3.45,13.8,34.03,manual_review,manual_review,manual_review,support-to-wale node vertical bars
ND-SP-L2-11-A-258,support_wale_node,ND-SP-L2-11-A,节点加密箍筋,stirrup,12.0,100.0,21,closed_stirrup_with_135deg_hooks,31,5.5,170.5,151.37,manual_review,manual_review,manual_review,dense stirrups in node core
ND-SP-L2-11-B-259,support_wale_node,ND-SP-L2-11-B,节点附加竖向筋,additional,20.0,,99,additional_detail_bar_manual_review,4,3.45,13.8,34.03,manual_review,manual_review,manual_review,support-to-wale node vertical bars
ND-SP-L2-11-B-260,support_wale_node,ND-SP-L2-11-B,节点加密箍筋,stirrup,12.0,100.0,21,closed_stirrup_with_135deg_hooks,31,5.5,170.5,151.37,manual_review,manual_review,manual_review,dense stirrups in node core
ND-SP-L2-12-A-261,support_wale_node,ND-SP-L2-12-A,节点附加竖向筋,additional,20.0,,99,additional_detail_bar_manual_review,4,3.45,13.8,34.03,manual_review,manual_review,manual_review,support-to-wale node vertical bars
ND-SP-L2-12-A-262,support_wale_node,ND-SP-L2-12-A,节点加密箍筋,stirrup,12.0,100.0,21,closed_stirrup_with_135deg_hooks,31,5.5,170.5,151.37,manual_review,manual_review,manual_review,dense stirrups in node core
ND-SP-L2-12-B-263,support_wale_node,ND-SP-L2-12-B,节点附加竖向筋,additional,20.0,,99,additional_detail_bar_manual_review,4,3.45,13.8,34.03,manual_review,manual_review,manual_review,support-to-wale node vertical bars
ND-SP-L2-12-B-264,support_wale_node,ND-SP-L2-12-B,节点加密箍筋,stirrup,12.0,100.0,21,closed_stirrup_with_135deg_hooks,31,5.5,170.5,151.37,manual_review,manual_review,manual_review,dense stirrups in node core
ND-SP-L2-13-A-265,support_wale_node,ND-SP-L2-13-A,节点附加竖向筋,additional,20.0,,99,additional_detail_bar_manual_review,4,3.45,13.8,34.03,manual_review,manual_review,manual_review,support-to-wale node vertical bars
ND-SP-L2-13-A-266,support_wale_node,ND-SP-L2-13-A,节点加密箍筋,stirrup,12.0,100.0,21,closed_stirrup_with_135deg_hooks,31,5.5,170.5,151.37,manual_review,manual_review,manual_review,dense stirrups in node core
ND-SP-L2-13-B-267,support_wale_node,ND-SP-L2-13-B,节点附加竖向筋,additional,20.0,,99,additional_detail_bar_manual_review,4,3.45,13.8,34.03,manual_review,manual_review,manual_review,support-to-wale node vertical bars
ND-SP-L2-13-B-268,support_wale_node,ND-SP-L2-13-B,节点加密箍筋,stirrup,12.0,100.0,21,closed_stirrup_with_135deg_hooks,31,5.5,170.5,151.37,manual_review,manual_review,manual_review,dense stirrups in node core
ND-SP-L2-14-A-269,support_wale_node,ND-SP-L2-14-A,节点附加竖向筋,additional,20.0,,99,additional_detail_bar_manual_review,4,3.45,13.8,34.03,manual_review,manual_review,manual_review,support-to-wale node vertical bars
ND-SP-L2-14-A-270,support_wale_node,ND-SP-L2-14-A,节点加密箍筋,stirrup,12.0,100.0,21,closed_stirrup_with_135deg_hooks,31,5.5,170.5,151.37,manual_review,manual_review,manual_review,dense stirrups in node core
ND-SP-L2-14-B-271,support_wale_node,ND-SP-L2-14-B,节点附加竖向筋,additional,20.0,,99,additional_detail_bar_manual_review,4,3.45,13.8,34.03,manual_review,manual_review,manual_review,support-to-wale node vertical bars
ND-SP-L2-14-B-272,support_wale_node,ND-SP-L2-14-B,节点加密箍筋,stirrup,12.0,100.0,21,closed_stirrup_with_135deg_hooks,31,5.5,170.5,151.37,manual_review,manual_review,manual_review,dense stirrups in node core
ND-SP-L2-15-A-273,support_wale_node,ND-SP-L2-15-A,节点附加竖向筋,additional,20.0,,99,additional_detail_bar_manual_review,4,3.45,13.8,34.03,manual_review,manual_review,manual_review,support-to-wale node vertical bars
ND-SP-L2-15-A-274,support_wale_node,ND-SP-L2-15-A,节点加密箍筋,stirrup,12.0,100.0,21,closed_stirrup_with_135deg_hooks,31,5.5,170.5,151.37,manual_review,manual_review,manual_review,dense stirrups in node core
ND-SP-L2-15-B-275,support_wale_node,ND-SP-L2-15-B,节点附加竖向筋,additional,20.0,,99,additional_detail_bar_manual_review,4,3.45,13.8,34.03,manual_review,manual_review,manual_review,support-to-wale node vertical bars
ND-SP-L2-15-B-276,support_wale_node,ND-SP-L2-15-B,节点加密箍筋,stirrup,12.0,100.0,21,closed_stirrup_with_135deg_hooks,31,5.5,170.5,151.37,manual_review,manual_review,manual_review,dense stirrups in node core
ND-SP-L2-16-A-277,support_wale_node,ND-SP-L2-16-A,节点附加竖向筋,additional,20.0,,99,additional_detail_bar_manual_review,4,3.45,13.8,34.03,manual_review,manual_review,manual_review,support-to-wale node vertical bars
ND-SP-L2-16-A-278,support_wale_node,ND-SP-L2-16-A,节点加密箍筋,stirrup,12.0,100.0,21,closed_stirrup_with_135deg_hooks,31,5.5,170.5,151.37,manual_review,manual_review,manual_review,dense stirrups in node core
ND-SP-L2-16-B-279,support_wale_node,ND-SP-L2-16-B,节点附加竖向筋,additional,20.0,,99,additional_detail_bar_manual_review,4,3.45,13.8,34.03,manual_review,manual_review,manual_review,support-to-wale node vertical bars
ND-SP-L2-16-B-280,support_wale_node,ND-SP-L2-16-B,节点加密箍筋,stirrup,12.0,100.0,21,closed_stirrup_with_135deg_hooks,31,5.5,170.5,151.37,manual_review,manual_review,manual_review,dense stirrups in node core
ND-SP-L2-17-A-281,support_wale_node,ND-SP-L2-17-A,节点附加竖向筋,additional,20.0,,99,additional_detail_bar_manual_review,4,3.45,13.8,34.03,manual_review,manual_review,manual_review,support-to-wale node vertical bars
ND-SP-L2-17-A-282,support_wale_node,ND-SP-L2-17-A,节点加密箍筋,stirrup,12.0,100.0,21,closed_stirrup_with_135deg_hooks,31,5.5,170.5,151.37,manual_review,manual_review,manual_review,dense stirrups in node core
ND-SP-L2-17-B-283,support_wale_node,ND-SP-L2-17-B,节点附加竖向筋,additional,20.0,,99,additional_detail_bar_manual_review,4,3.45,13.8,34.03,manual_review,manual_review,manual_review,support-to-wale node vertical bars
ND-SP-L2-17-B-284,support_wale_node,ND-SP-L2-17-B,节点加密箍筋,stirrup,12.0,100.0,21,closed_stirrup_with_135deg_hooks,31,5.5,170.5,151.37,manual_review,manual_review,manual_review,dense stirrups in node core
ND-SP-L2-18-A-285,support_wale_node,ND-SP-L2-18-A,节点附加竖向筋,additional,20.0,,99,additional_detail_bar_manual_review,4,3.45,13.8,34.03,manual_review,manual_review,manual_review,support-to-wale node vertical bars
ND-SP-L2-18-A-286,support_wale_node,ND-SP-L2-18-A,节点加密箍筋,stirrup,12.0,100.0,21,closed_stirrup_with_135deg_hooks,31,5.5,170.5,151.37,manual_review,manual_review,manual_review,dense stirrups in node core
ND-SP-L2-18-B-287,support_wale_node,ND-SP-L2-18-B,节点附加竖向筋,additional,20.0,,99,additional_detail_bar_manual_review,4,3.45,13.8,34.03,manual_review,manual_review,manual_review,support-to-wale node vertical bars
ND-SP-L2-18-B-288,support_wale_node,ND-SP-L2-18-B,节点加密箍筋,stirrup,12.0,100.0,21,closed_stirrup_with_135deg_hooks,31,5.5,170.5,151.37,manual_review,manual_review,manual_review,dense stirrups in node core
ND-SP-L2-19-A-289,support_wale_node,ND-SP-L2-19-A,节点附加竖向筋,additional,20.0,,99,additional_detail_bar_manual_review,4,3.45,13.8,34.03,manual_review,manual_review,manual_review,support-to-wale node vertical bars
ND-SP-L2-19-A-290,support_wale_node,ND-SP-L2-19-A,节点加密箍筋,stirrup,12.0,100.0,21,closed_stirrup_with_135deg_hooks,31,5.5,170.5,151.37,manual_review,manual_review,manual_review,dense stirrups in node core
ND-SP-L2-19-B-291,support_wale_node,ND-SP-L2-19-B,节点附加竖向筋,additional,20.0,,99,additional_detail_bar_manual_review,4,3.45,13.8,34.03,manual_review,manual_review,manual_review,support-to-wale node vertical bars
ND-SP-L2-19-B-292,support_wale_node,ND-SP-L2-19-B,节点加密箍筋,stirrup,12.0,100.0,21,closed_stirrup_with_135deg_hooks,31,5.5,170.5,151.37,manual_review,manual_review,manual_review,dense stirrups in node core
ND-SP-L2-20-A-293,support_wale_node,ND-SP-L2-20-A,节点附加竖向筋,additional,20.0,,99,additional_detail_bar_manual_review,4,3.45,13.8,34.03,manual_review,manual_review,manual_review,support-to-wale node vertical bars
ND-SP-L2-20-A-294,support_wale_node,ND-SP-L2-20-A,节点加密箍筋,stirrup,12.0,100.0,21,closed_stirrup_with_135deg_hooks,31,5.5,170.5,151.37,manual_review,manual_review,manual_review,dense stirrups in node core
ND-SP-L2-20-B-295,support_wale_node,ND-SP-L2-20-B,节点附加竖向筋,additional,20.0,,99,additional_detail_bar_manual_review,4,3.45,13.8,34.03,manual_review,manual_review,manual_review,support-to-wale node vertical bars
ND-SP-L2-20-B-296,support_wale_node,ND-SP-L2-20-B,节点加密箍筋,stirrup,12.0,100.0,21,closed_stirrup_with_135deg_hooks,31,5.5,170.5,151.37,manual_review,manual_review,manual_review,dense stirrups in node core
ND-SP-L3-1-A-297,support_wale_node,ND-SP-L3-1-A,节点附加竖向筋,additional,20.0,,99,additional_detail_bar_manual_review,4,3.45,13.8,34.03,manual_review,manual_review,manual_review,support-to-wale node vertical bars
ND-SP-L3-1-A-298,support_wale_node,ND-SP-L3-1-A,节点加密箍筋,stirrup,12.0,100.0,21,closed_stirrup_with_135deg_hooks,31,5.5,170.5,151.37,manual_review,manual_review,manual_review,dense stirrups in node core
ND-SP-L3-1-B-299,support_wale_node,ND-SP-L3-1-B,节点附加竖向筋,additional,20.0,,99,additional_detail_bar_manual_review,4,3.45,13.8,34.03,manual_review,manual_review,manual_review,support-to-wale node vertical bars
ND-SP-L3-1-B-300,support_wale_node,ND-SP-L3-1-B,节点加密箍筋,stirrup,12.0,100.0,21,closed_stirrup_with_135deg_hooks,31,5.5,170.5,151.37,manual_review,manual_review,manual_review,dense stirrups in node core
ND-SP-L3-2-A-301,support_wale_node,ND-SP-L3-2-A,节点附加竖向筋,additional,20.0,,99,additional_detail_bar_manual_review,4,3.45,13.8,34.03,manual_review,manual_review,manual_review,support-to-wale node vertical bars
ND-SP-L3-2-A-302,support_wale_node,ND-SP-L3-2-A,节点加密箍筋,stirrup,12.0,100.0,21,closed_stirrup_with_135deg_hooks,31,5.5,170.5,151.37,manual_review,manual_review,manual_review,dense stirrups in node core
ND-SP-L3-2-B-303,support_wale_node,ND-SP-L3-2-B,节点附加竖向筋,additional,20.0,,99,additional_detail_bar_manual_review,4,3.45,13.8,34.03,manual_review,manual_review,manual_review,support-to-wale node vertical bars
ND-SP-L3-2-B-304,support_wale_node,ND-SP-L3-2-B,节点加密箍筋,stirrup,12.0,100.0,21,closed_stirrup_with_135deg_hooks,31,5.5,170.5,151.37,manual_review,manual_review,manual_review,dense stirrups in node core
ND-SP-L3-3-A-305,support_wale_node,ND-SP-L3-3-A,节点附加竖向筋,additional,20.0,,99,additional_detail_bar_manual_review,4,3.45,13.8,34.03,manual_review,manual_review,manual_review,support-to-wale node vertical bars
ND-SP-L3-3-A-306,support_wale_node,ND-SP-L3-3-A,节点加密箍筋,stirrup,12.0,100.0,21,closed_stirrup_with_135deg_hooks,31,5.5,170.5,151.37,manual_review,manual_review,manual_review,dense stirrups in node core
ND-SP-L3-3-B-307,support_wale_node,ND-SP-L3-3-B,节点附加竖向筋,additional,20.0,,99,additional_detail_bar_manual_review,4,3.45,13.8,34.03,manual_review,manual_review,manual_review,support-to-wale node vertical bars
ND-SP-L3-3-B-308,support_wale_node,ND-SP-L3-3-B,节点加密箍筋,stirrup,12.0,100.0,21,closed_stirrup_with_135deg_hooks,31,5.5,170.5,151.37,manual_review,manual_review,manual_review,dense stirrups in node core
ND-SP-L3-4-A-309,support_wale_node,ND-SP-L3-4-A,节点附加竖向筋,additional,20.0,,99,additional_detail_bar_manual_review,4,3.45,13.8,34.03,manual_review,manual_review,manual_review,support-to-wale node vertical bars
ND-SP-L3-4-A-310,support_wale_node,ND-SP-L3-4-A,节点加密箍筋,stirrup,12.0,100.0,21,closed_stirrup_with_135deg_hooks,31,5.5,170.5,151.37,manual_review,manual_review,manual_review,dense stirrups in node core
ND-SP-L3-4-B-311,support_wale_node,ND-SP-L3-4-B,节点附加竖向筋,additional,20.0,,99,additional_detail_bar_manual_review,4,3.45,13.8,34.03,manual_review,manual_review,manual_review,support-to-wale node vertical bars
ND-SP-L3-4-B-312,support_wale_node,ND-SP-L3-4-B,节点加密箍筋,stirrup,12.0,100.0,21,closed_stirrup_with_135deg_hooks,31,5.5,170.5,151.37,manual_review,manual_review,manual_review,dense stirrups in node core
ND-SP-L3-5-A-313,support_wale_node,ND-SP-L3-5-A,节点附加竖向筋,additional,20.0,,99,additional_detail_bar_manual_review,4,3.45,13.8,34.03,manual_review,manual_review,manual_review,support-to-wale node vertical bars
ND-SP-L3-5-A-314,support_wale_node,ND-SP-L3-5-A,节点加密箍筋,stirrup,12.0,100.0,21,closed_stirrup_with_135deg_hooks,31,5.5,170.5,151.37,manual_review,manual_review,manual_review,dense stirrups in node core
ND-SP-L3-5-B-315,support_wale_node,ND-SP-L3-5-B,节点附加竖向筋,additional,20.0,,99,additional_detail_bar_manual_review,4,3.45,13.8,34.03,manual_review,manual_review,manual_review,support-to-wale node vertical bars
ND-SP-L3-5-B-316,support_wale_node,ND-SP-L3-5-B,节点加密箍筋,stirrup,12.0,100.0,21,closed_stirrup_with_135deg_hooks,31,5.5,170.5,151.37,manual_review,manual_review,manual_review,dense stirrups in node core
ND-SP-L3-6-A-317,support_wale_node,ND-SP-L3-6-A,节点附加竖向筋,additional,20.0,,99,additional_detail_bar_manual_review,4,3.45,13.8,34.03,manual_review,manual_review,manual_review,support-to-wale node vertical bars
ND-SP-L3-6-A-318,support_wale_node,ND-SP-L3-6-A,节点加密箍筋,stirrup,12.0,100.0,21,closed_stirrup_with_135deg_hooks,31,5.5,170.5,151.37,manual_review,manual_review,manual_review,dense stirrups in node core
ND-SP-L3-6-B-319,support_wale_node,ND-SP-L3-6-B,节点附加竖向筋,additional,20.0,,99,additional_detail_bar_manual_review,4,3.45,13.8,34.03,manual_review,manual_review,manual_review,support-to-wale node vertical bars
ND-SP-L3-6-B-320,support_wale_node,ND-SP-L3-6-B,节点加密箍筋,stirrup,12.0,100.0,21,closed_stirrup_with_135deg_hooks,31,5.5,170.5,151.37,manual_review,manual_review,manual_review,dense stirrups in node core
ND-SP-L3-7-A-321,support_wale_node,ND-SP-L3-7-A,节点附加竖向筋,additional,20.0,,99,additional_detail_bar_manual_review,4,3.45,13.8,34.03,manual_review,manual_review,manual_review,support-to-wale node vertical bars
ND-SP-L3-7-A-322,support_wale_node,ND-SP-L3-7-A,节点加密箍筋,stirrup,12.0,100.0,21,closed_stirrup_with_135deg_hooks,31,5.5,170.5,151.37,manual_review,manual_review,manual_review,dense stirrups in node core
ND-SP-L3-7-B-323,support_wale_node,ND-SP-L3-7-B,节点附加竖向筋,additional,20.0,,99,additional_detail_bar_manual_review,4,3.45,13.8,34.03,manual_review,manual_review,manual_review,support-to-wale node vertical bars
ND-SP-L3-7-B-324,support_wale_node,ND-SP-L3-7-B,节点加密箍筋,stirrup,12.0,100.0,21,closed_stirrup_with_135deg_hooks,31,5.5,170.5,151.37,manual_review,manual_review,manual_review,dense stirrups in node core
ND-SP-L3-8-A-325,support_wale_node,ND-SP-L3-8-A,节点附加竖向筋,additional,20.0,,99,additional_detail_bar_manual_review,4,3.45,13.8,34.03,manual_review,manual_review,manual_review,support-to-wale node vertical bars
ND-SP-L3-8-A-326,support_wale_node,ND-SP-L3-8-A,节点加密箍筋,stirrup,12.0,100.0,21,closed_stirrup_with_135deg_hooks,31,5.5,170.5,151.37,manual_review,manual_review,manual_review,dense stirrups in node core
ND-SP-L3-8-B-327,support_wale_node,ND-SP-L3-8-B,节点附加竖向筋,additional,20.0,,99,additional_detail_bar_manual_review,4,3.45,13.8,34.03,manual_review,manual_review,manual_review,support-to-wale node vertical bars
ND-SP-L3-8-B-328,support_wale_node,ND-SP-L3-8-B,节点加密箍筋,stirrup,12.0,100.0,21,closed_stirrup_with_135deg_hooks,31,5.5,170.5,151.37,manual_review,manual_review,manual_review,dense stirrups in node core
ND-SP-L3-9-A-329,support_wale_node,ND-SP-L3-9-A,节点附加竖向筋,additional,20.0,,99,additional_detail_bar_manual_review,4,3.45,13.8,34.03,manual_review,manual_review,manual_review,support-to-wale node vertical bars
ND-SP-L3-9-A-330,support_wale_node,ND-SP-L3-9-A,节点加密箍筋,stirrup,12.0,100.0,21,closed_stirrup_with_135deg_hooks,31,5.5,170.5,151.37,manual_review,manual_review,manual_review,dense stirrups in node core
ND-SP-L3-9-B-331,support_wale_node,ND-SP-L3-9-B,节点附加竖向筋,additional,20.0,,99,additional_detail_bar_manual_review,4,3.45,13.8,34.03,manual_review,manual_review,manual_review,support-to-wale node vertical bars
ND-SP-L3-9-B-332,support_wale_node,ND-SP-L3-9-B,节点加密箍筋,stirrup,12.0,100.0,21,closed_stirrup_with_135deg_hooks,31,5.5,170.5,151.37,manual_review,manual_review,manual_review,dense stirrups in node core
ND-SP-L3-10-A-333,support_wale_node,ND-SP-L3-10-A,节点附加竖向筋,additional,20.0,,99,additional_detail_bar_manual_review,4,3.45,13.8,34.03,manual_review,manual_review,manual_review,support-to-wale node vertical bars
ND-SP-L3-10-A-334,support_wale_node,ND-SP-L3-10-A,节点加密箍筋,stirrup,12.0,100.0,21,closed_stirrup_with_135deg_hooks,31,5.5,170.5,151.37,manual_review,manual_review,manual_review,dense stirrups in node core
ND-SP-L3-10-B-335,support_wale_node,ND-SP-L3-10-B,节点附加竖向筋,additional,20.0,,99,additional_detail_bar_manual_review,4,3.45,13.8,34.03,manual_review,manual_review,manual_review,support-to-wale node vertical bars
ND-SP-L3-10-B-336,support_wale_node,ND-SP-L3-10-B,节点加密箍筋,stirrup,12.0,100.0,21,closed_stirrup_with_135deg_hooks,31,5.5,170.5,151.37,manual_review,manual_review,manual_review,dense stirrups in node core
ND-SP-L3-11-A-337,support_wale_node,ND-SP-L3-11-A,节点附加竖向筋,additional,20.0,,99,additional_detail_bar_manual_review,4,3.45,13.8,34.03,manual_review,manual_review,manual_review,support-to-wale node vertical bars
ND-SP-L3-11-A-338,support_wale_node,ND-SP-L3-11-A,节点加密箍筋,stirrup,12.0,100.0,21,closed_stirrup_with_135deg_hooks,31,5.5,170.5,151.37,manual_review,manual_review,manual_review,dense stirrups in node core
ND-SP-L3-11-B-339,support_wale_node,ND-SP-L3-11-B,节点附加竖向筋,additional,20.0,,99,additional_detail_bar_manual_review,4,3.45,13.8,34.03,manual_review,manual_review,manual_review,support-to-wale node vertical bars
ND-SP-L3-11-B-340,support_wale_node,ND-SP-L3-11-B,节点加密箍筋,stirrup,12.0,100.0,21,closed_stirrup_with_135deg_hooks,31,5.5,170.5,151.37,manual_review,manual_review,manual_review,dense stirrups in node core
ND-SP-L3-12-A-341,support_wale_node,ND-SP-L3-12-A,节点附加竖向筋,additional,20.0,,99,additional_detail_bar_manual_review,4,3.45,13.8,34.03,manual_review,manual_review,manual_review,support-to-wale node vertical bars
ND-SP-L3-12-A-342,support_wale_node,ND-SP-L3-12-A,节点加密箍筋,stirrup,12.0,100.0,21,closed_stirrup_with_135deg_hooks,31,5.5,170.5,151.37,manual_review,manual_review,manual_review,dense stirrups in node core
ND-SP-L3-12-B-343,support_wale_node,ND-SP-L3-12-B,节点附加竖向筋,additional,20.0,,99,additional_detail_bar_manual_review,4,3.45,13.8,34.03,manual_review,manual_review,manual_review,support-to-wale node vertical bars
ND-SP-L3-12-B-344,support_wale_node,ND-SP-L3-12-B,节点加密箍筋,stirrup,12.0,100.0,21,closed_stirrup_with_135deg_hooks,31,5.5,170.5,151.37,manual_review,manual_review,manual_review,dense stirrups in node core
ND-SP-L3-13-A-345,support_wale_node,ND-SP-L3-13-A,节点附加竖向筋,additional,20.0,,99,additional_detail_bar_manual_review,4,3.45,13.8,34.03,manual_review,manual_review,manual_review,support-to-wale node vertical bars
ND-SP-L3-13-A-346,support_wale_node,ND-SP-L3-13-A,节点加密箍筋,stirrup,12.0,100.0,21,closed_stirrup_with_135deg_hooks,31,5.5,170.5,151.37,manual_review,manual_review,manual_review,dense stirrups in node core
ND-SP-L3-13-B-347,support_wale_node,ND-SP-L3-13-B,节点附加竖向筋,additional,20.0,,99,additional_detail_bar_manual_review,4,3.45,13.8,34.03,manual_review,manual_review,manual_review,support-to-wale node vertical bars
ND-SP-L3-13-B-348,support_wale_node,ND-SP-L3-13-B,节点加密箍筋,stirrup,12.0,100.0,21,closed_stirrup_with_135deg_hooks,31,5.5,170.5,151.37,manual_review,manual_review,manual_review,dense stirrups in node core
ND-SP-L3-14-A-349,support_wale_node,ND-SP-L3-14-A,节点附加竖向筋,additional,20.0,,99,additional_detail_bar_manual_review,4,3.45,13.8,34.03,manual_review,manual_review,manual_review,support-to-wale node vertical bars
ND-SP-L3-14-A-350,support_wale_node,ND-SP-L3-14-A,节点加密箍筋,stirrup,12.0,100.0,21,closed_stirrup_with_135deg_hooks,31,5.5,170.5,151.37,manual_review,manual_review,manual_review,dense stirrups in node core
ND-SP-L3-14-B-351,support_wale_node,ND-SP-L3-14-B,节点附加竖向筋,additional,20.0,,99,additional_detail_bar_manual_review,4,3.45,13.8,34.03,manual_review,manual_review,manual_review,support-to-wale node vertical bars
ND-SP-L3-14-B-352,support_wale_node,ND-SP-L3-14-B,节点加密箍筋,stirrup,12.0,100.0,21,closed_stirrup_with_135deg_hooks,31,5.5,170.5,151.37,manual_review,manual_review,manual_review,dense stirrups in node core
ND-SP-L3-15-A-353,support_wale_node,ND-SP-L3-15-A,节点附加竖向筋,additional,20.0,,99,additional_detail_bar_manual_review,4,3.45,13.8,34.03,manual_review,manual_review,manual_review,support-to-wale node vertical bars
ND-SP-L3-15-A-354,support_wale_node,ND-SP-L3-15-A,节点加密箍筋,stirrup,12.0,100.0,21,closed_stirrup_with_135deg_hooks,31,5.5,170.5,151.37,manual_review,manual_review,manual_review,dense stirrups in node core
ND-SP-L3-15-B-355,support_wale_node,ND-SP-L3-15-B,节点附加竖向筋,additional,20.0,,99,additional_detail_bar_manual_review,4,3.45,13.8,34.03,manual_review,manual_review,manual_review,support-to-wale node vertical bars
ND-SP-L3-15-B-356,support_wale_node,ND-SP-L3-15-B,节点加密箍筋,stirrup,12.0,100.0,21,closed_stirrup_with_135deg_hooks,31,5.5,170.5,151.37,manual_review,manual_review,manual_review,dense stirrups in node core
ND-SP-L3-16-A-357,support_wale_node,ND-SP-L3-16-A,节点附加竖向筋,additional,20.0,,99,additional_detail_bar_manual_review,4,3.45,13.8,34.03,manual_review,manual_review,manual_review,support-to-wale node vertical bars
ND-SP-L3-16-A-358,support_wale_node,ND-SP-L3-16-A,节点加密箍筋,stirrup,12.0,100.0,21,closed_stirrup_with_135deg_hooks,31,5.5,170.5,151.37,manual_review,manual_review,manual_review,dense stirrups in node core
ND-SP-L3-16-B-359,support_wale_node,ND-SP-L3-16-B,节点附加竖向筋,additional,20.0,,99,additional_detail_bar_manual_review,4,3.45,13.8,34.03,manual_review,manual_review,manual_review,support-to-wale node vertical bars
ND-SP-L3-16-B-360,support_wale_node,ND-SP-L3-16-B,节点加密箍筋,stirrup,12.0,100.0,21,closed_stirrup_with_135deg_hooks,31,5.5,170.5,151.37,manual_review,manual_review,manual_review,dense stirrups in node core
ND-SP-L3-17-A-361,support_wale_node,ND-SP-L3-17-A,节点附加竖向筋,additional,20.0,,99,additional_detail_bar_manual_review,4,3.45,13.8,34.03,manual_review,manual_review,manual_review,support-to-wale node vertical bars
ND-SP-L3-17-A-362,support_wale_node,ND-SP-L3-17-A,节点加密箍筋,stirrup,12.0,100.0,21,closed_stirrup_with_135deg_hooks,31,5.5,170.5,151.37,manual_review,manual_review,manual_review,dense stirrups in node core
ND-SP-L3-17-B-363,support_wale_node,ND-SP-L3-17-B,节点附加竖向筋,additional,20.0,,99,additional_detail_bar_manual_review,4,3.45,13.8,34.03,manual_review,manual_review,manual_review,support-to-wale node vertical bars
ND-SP-L3-17-B-364,support_wale_node,ND-SP-L3-17-B,节点加密箍筋,stirrup,12.0,100.0,21,closed_stirrup_with_135deg_hooks,31,5.5,170.5,151.37,manual_review,manual_review,manual_review,dense stirrups in node core
ND-SP-L3-18-A-365,support_wale_node,ND-SP-L3-18-A,节点附加竖向筋,additional,20.0,,99,additional_detail_bar_manual_review,4,3.45,13.8,34.03,manual_review,manual_review,manual_review,support-to-wale node vertical bars
ND-SP-L3-18-A-366,support_wale_node,ND-SP-L3-18-A,节点加密箍筋,stirrup,12.0,100.0,21,closed_stirrup_with_135deg_hooks,31,5.5,170.5,151.37,manual_review,manual_review,manual_review,dense stirrups in node core
ND-SP-L3-18-B-367,support_wale_node,ND-SP-L3-18-B,节点附加竖向筋,additional,20.0,,99,additional_detail_bar_manual_review,4,3.45,13.8,34.03,manual_review,manual_review,manual_review,support-to-wale node vertical bars
ND-SP-L3-18-B-368,support_wale_node,ND-SP-L3-18-B,节点加密箍筋,stirrup,12.0,100.0,21,closed_stirrup_with_135deg_hooks,31,5.5,170.5,151.37,manual_review,manual_review,manual_review,dense stirrups in node core
ND-SP-L3-19-A-369,support_wale_node,ND-SP-L3-19-A,节点附加竖向筋,additional,20.0,,99,additional_detail_bar_manual_review,4,3.45,13.8,34.03,manual_review,manual_review,manual_review,support-to-wale node vertical bars
ND-SP-L3-19-A-370,support_wale_node,ND-SP-L3-19-A,节点加密箍筋,stirrup,12.0,100.0,21,closed_stirrup_with_135deg_hooks,31,5.5,170.5,151.37,manual_review,manual_review,manual_review,dense stirrups in node core
ND-SP-L3-19-B-371,support_wale_node,ND-SP-L3-19-B,节点附加竖向筋,additional,20.0,,99,additional_detail_bar_manual_review,4,3.45,13.8,34.03,manual_review,manual_review,manual_review,support-to-wale node vertical bars
ND-SP-L3-19-B-372,support_wale_node,ND-SP-L3-19-B,节点加密箍筋,stirrup,12.0,100.0,21,closed_stirrup_with_135deg_hooks,31,5.5,170.5,151.37,manual_review,manual_review,manual_review,dense stirrups in node core
ND-SP-L3-20-A-373,support_wale_node,ND-SP-L3-20-A,节点附加竖向筋,additional,20.0,,99,additional_detail_bar_manual_review,4,3.45,13.8,34.03,manual_review,manual_review,manual_review,support-to-wale node vertical bars
ND-SP-L3-20-A-374,support_wale_node,ND-SP-L3-20-A,节点加密箍筋,stirrup,12.0,100.0,21,closed_stirrup_with_135deg_hooks,31,5.5,170.5,151.37,manual_review,manual_review,manual_review,dense stirrups in node core
ND-SP-L3-20-B-375,support_wale_node,ND-SP-L3-20-B,节点附加竖向筋,additional,20.0,,99,additional_detail_bar_manual_review,4,3.45,13.8,34.03,manual_review,manual_review,manual_review,support-to-wale node vertical bars
ND-SP-L3-20-B-376,support_wale_node,ND-SP-L3-20-B,节点加密箍筋,stirrup,12.0,100.0,21,closed_stirrup_with_135deg_hooks,31,5.5,170.5,151.37,manual_review,manual_review,manual_review,dense stirrups in node core
